video,condition,true_val,blockiness,zero_dct_ratio,grid_std,brisque
000000.mp4,clean,0,0.142305,0.772441,1.331322,52.6296
000000.mp4,h264_crf18,18,0.152211,0.740294,1.358569,49.1784
000000.mp4,h264_crf23,23,0.148803,0.771245,1.302865,52.1711
000000.mp4,h264_crf28,28,0.153539,0.785914,1.18838,51.8493
000000.mp4,h264_crf33,33,0.160418,0.797393,1.145254,54.9318
000000.mp4,h264_crf38,38,0.16881,0.802575,1.072712,55.5295
000000.mp4,h264_crf43,43,0.21413,0.81826,1.091346,58.1735
000000.mp4,jpeg_q30,30,0.347991,0.949298,1.000374,56.6769
000000.mp4,jpeg_q60,60,0.24902,0.932557,1.084139,53.841
000000.mp4,jpeg_q90,90,0.163667,0.871692,1.285279,53.6657
000001.mp4,clean,0,0.141864,0.770986,1.473996,49.5988
000001.mp4,h264_crf18,18,0.154113,0.740354,1.455486,46.6359
000001.mp4,h264_crf23,23,0.148653,0.771205,1.452463,49.3683
000001.mp4,h264_crf28,28,0.144516,0.786492,1.388679,49.1301
000001.mp4,h264_crf33,33,0.152976,0.791374,1.26651,52.3937
000001.mp4,h264_crf38,38,0.172805,0.794364,1.249584,53.4963
000001.mp4,h264_crf43,43,0.204453,0.809052,1.34234,57.5685
000001.mp4,jpeg_q30,30,0.344271,0.949597,1.060826,58.9479
000001.mp4,jpeg_q60,60,0.243291,0.932557,1.177289,52.113
000001.mp4,jpeg_q90,90,0.164247,0.871931,1.400865,51.821
000002.mp4,clean,0,0.147384,0.766462,1.38041,48.2243
000002.mp4,h264_crf18,18,0.154623,0.74155,1.380448,46.0856
000002.mp4,h264_crf23,23,0.143909,0.773657,1.32084,49.7111
000002.mp4,h264_crf28,28,0.150169,0.795819,1.192501,52.0759
000002.mp4,h264_crf33,33,0.151836,0.79544,1.238403,54.3566
000002.mp4,h264_crf38,38,0.16821,0.795879,1.188447,53.006
000002.mp4,h264_crf43,43,0.206193,0.805664,1.052163,55.8771
000002.mp4,jpeg_q30,30,0.367447,0.951152,1.063728,57.9728
000002.mp4,jpeg_q60,60,0.252763,0.934132,1.11085,53.2165
000002.mp4,jpeg_q90,90,0.174061,0.871751,1.294736,51.0427
000003.mp4,clean,0,0.141623,0.770747,1.296991,47.3869
000003.mp4,h264_crf18,18,0.157633,0.737185,1.362381,45.715
000003.mp4,h264_crf23,23,0.154564,0.772481,1.296285,49.3483
000003.mp4,h264_crf28,28,0.156379,0.787847,1.238692,50.611
000003.mp4,h264_crf33,33,0.153791,0.796476,1.163008,53.3049
000003.mp4,h264_crf38,38,0.16833,0.794264,1.206913,53.9865
000003.mp4,h264_crf43,43,0.221689,0.810308,1.138477,53.9177
000003.mp4,jpeg_q30,30,0.356706,0.950335,0.96384,58.2043
000003.mp4,jpeg_q60,60,0.254832,0.932956,1.083677,52.9333
000003.mp4,jpeg_q90,90,0.167299,0.870436,1.213327,50.6486
000004.mp4,clean,0,0.137386,0.762695,1.351069,49.3058
000004.mp4,h264_crf18,18,0.150536,0.720803,1.418733,45.4665
000004.mp4,h264_crf23,23,0.147492,0.753986,1.341907,49.0192
000004.mp4,h264_crf28,28,0.144997,0.776806,1.255349,50.2712
000004.mp4,h264_crf33,33,0.155474,0.786153,1.311433,52.5363
000004.mp4,h264_crf38,38,0.178195,0.794882,1.311403,53.8854
000004.mp4,h264_crf43,43,0.228139,0.807876,1.116526,53.215
000004.mp4,jpeg_q30,30,0.349723,0.950833,1.00526,59.4196
000004.mp4,jpeg_q60,60,0.248295,0.933793,1.08496,53.1208
000004.mp4,jpeg_q90,90,0.162906,0.870954,1.273827,51.4772
000005.mp4,clean,0,0.140266,0.703384,1.60978,49.0148
000005.mp4,h264_crf18,18,0.137147,0.6704,1.562119,48.1457
000005.mp4,h264_crf23,23,0.136206,0.712313,1.573139,49.4577
000005.mp4,h264_crf28,28,0.135,0.726084,1.585129,51.426
000005.mp4,h264_crf33,33,0.141302,0.748844,1.40979,53.9982
000005.mp4,h264_crf38,38,0.151357,0.74998,1.485356,56.1804
000005.mp4,h264_crf43,43,0.182339,0.738999,1.495353,52.8766
000005.mp4,jpeg_q30,30,0.313444,0.937899,1.190719,54.8273
000005.mp4,jpeg_q60,60,0.224212,0.919165,1.276149,51.5422
000005.mp4,jpeg_q90,90,0.157565,0.842474,1.549871,50.5402
000006.mp4,clean,0,0.135305,0.706075,1.42324,52.4655
000006.mp4,h264_crf18,18,0.137162,0.658562,1.48956,49.3395
000006.mp4,h264_crf23,23,0.134557,0.693917,1.393854,52.0949
000006.mp4,h264_crf28,28,0.135204,0.715761,1.571043,54.1823
000006.mp4,h264_crf33,33,0.136324,0.73308,1.421876,55.1408
000006.mp4,h264_crf38,38,0.150909,0.737245,1.187632,56.0803
000006.mp4,h264_crf43,43,0.178677,0.742168,1.204421,53.3259
000006.mp4,jpeg_q30,30,0.324451,0.939852,1.017498,54.9772
000006.mp4,jpeg_q60,60,0.231077,0.918965,1.145545,54.3576
000006.mp4,jpeg_q90,90,0.156237,0.841518,1.299129,53.9938
000008.mp4,clean,0,0.12915,0.705238,1.478901,52.8224
000008.mp4,h264_crf18,18,0.139853,0.628488,1.456985,48.9885
000008.mp4,h264_crf23,23,0.136131,0.667929,1.431988,51.5129
000008.mp4,h264_crf28,28,0.141574,0.694276,1.432801,53.2341
000008.mp4,h264_crf33,33,0.14266,0.702049,1.386135,54.197
000008.mp4,h264_crf38,38,0.151434,0.709044,1.437969,56.5246
000008.mp4,h264_crf43,43,0.174978,0.74157,1.319423,51.6384
000008.mp4,jpeg_q30,30,0.310949,0.939094,1.102078,56.1437
000008.mp4,jpeg_q60,60,0.220738,0.918646,1.188516,54.6872
000008.mp4,jpeg_q90,90,0.149218,0.841418,1.359086,53.3552
000009.mp4,clean,0,0.133034,0.72152,1.635064,54.3356
000009.mp4,h264_crf18,18,0.142111,0.672094,1.506657,50.8298
000009.mp4,h264_crf23,23,0.140561,0.702148,1.607748,52.4557
000009.mp4,h264_crf28,28,0.137534,0.715541,1.639578,53.6799
000009.mp4,h264_crf33,33,0.14824,0.737464,1.475735,53.9811
000009.mp4,h264_crf38,38,0.160002,0.748705,1.263788,56.3591
000009.mp4,h264_crf43,43,0.192224,0.750159,1.505305,52.6633
000009.mp4,jpeg_q30,30,0.312901,0.94027,1.120838,58.4797
000009.mp4,jpeg_q60,60,0.221284,0.921158,1.294299,56.6931
000009.mp4,jpeg_q90,90,0.152685,0.847198,1.540043,55.9748
000010.mp4,clean,0,0.140899,0.712831,1.469517,52.8522
000010.mp4,h264_crf18,18,0.148723,0.662169,1.420635,48.572
000010.mp4,h264_crf23,23,0.148007,0.702188,1.387851,51.4743
000010.mp4,h264_crf28,28,0.146744,0.725785,1.421656,51.7204
000010.mp4,h264_crf33,33,0.145451,0.732681,1.389048,55.1887
000010.mp4,h264_crf38,38,0.155563,0.736727,1.313674,52.8703
000010.mp4,h264_crf43,43,0.193355,0.758929,1.402004,54.7248
000010.mp4,jpeg_q30,30,0.321291,0.939134,1.013834,54.1408
000010.mp4,jpeg_q60,60,0.231369,0.919723,1.214174,57.0925
000010.mp4,jpeg_q90,90,0.160549,0.845185,1.384578,53.3317
000011.mp4,clean,0,0.135026,0.717793,1.535723,54.5627
000011.mp4,h264_crf18,18,0.143489,0.676638,1.502221,50.5012
000011.mp4,h264_crf23,23,0.138586,0.712691,1.547506,54.1584
000011.mp4,h264_crf28,28,0.140581,0.7217,1.459192,53.6144
000011.mp4,h264_crf33,33,0.152466,0.740553,1.519462,56.0134
000011.mp4,h264_crf38,38,0.161941,0.745217,1.429178,54.6208
000011.mp4,h264_crf43,43,0.18096,0.757673,1.280747,55.9474
000011.mp4,jpeg_q30,30,0.319004,0.939872,1.129392,53.1955
000011.mp4,jpeg_q60,60,0.222829,0.920121,1.249193,55.8425
000011.mp4,jpeg_q90,90,0.15517,0.846002,1.437503,55.0578
000012.mp4,clean,0,0.131333,0.704799,1.491065,52.86
000012.mp4,h264_crf18,18,0.134957,0.662209,1.495668,49.8298
000012.mp4,h264_crf23,23,0.131873,0.701351,1.506163,52.945
000012.mp4,h264_crf28,28,0.134993,0.717734,1.581193,54.2912
000012.mp4,h264_crf33,33,0.146015,0.729831,1.45357,53.8962
000012.mp4,h264_crf38,38,0.153909,0.720065,1.449494,51.756
000012.mp4,h264_crf43,43,0.194207,0.735212,1.051678,52.5143
000012.mp4,jpeg_q30,30,0.306774,0.939832,1.034958,54.0563
000012.mp4,jpeg_q60,60,0.218725,0.918666,1.241926,53.7682
000012.mp4,jpeg_q90,90,0.152877,0.842773,1.373251,53.8098
000013.mp4,clean,0,0.133608,0.714565,1.507816,55.2023
000013.mp4,h264_crf18,18,0.14265,0.646305,1.406243,50.1428
000013.mp4,h264_crf23,23,0.138361,0.682617,1.475797,51.425
000013.mp4,h264_crf28,28,0.136358,0.700913,1.405289,50.8752
000013.mp4,h264_crf33,33,0.137952,0.712651,1.404189,54.7692
000013.mp4,h264_crf38,38,0.156718,0.72999,1.437725,54.8845
000013.mp4,h264_crf43,43,0.19535,0.737982,1.448801,52.9035
000013.mp4,jpeg_q30,30,0.313486,0.939792,1.024426,57.8659
000013.mp4,jpeg_q60,60,0.219105,0.919583,1.258664,57.4841
000013.mp4,jpeg_q90,90,0.152764,0.845603,1.408672,56.0944
000014.mp4,clean,0,0.129122,0.710379,1.424796,54.5651
000014.mp4,h264_crf18,18,0.134635,0.668088,1.354748,51.985
000014.mp4,h264_crf23,23,0.136685,0.69876,1.351933,53.5139
000014.mp4,h264_crf28,28,0.133979,0.71596,1.433322,52.8889
000014.mp4,h264_crf33,33,0.1381,0.717793,1.44648,55.1203
000014.mp4,h264_crf38,38,0.149844,0.731246,1.399214,54.2433
000014.mp4,h264_crf43,43,0.187563,0.739995,1.316035,53.0163
000014.mp4,jpeg_q30,30,0.305814,0.939553,1.01947,58.7424
000014.mp4,jpeg_q60,60,0.218189,0.920301,1.245735,56.4894
000014.mp4,jpeg_q90,90,0.149133,0.844986,1.358589,55.9352
000015.mp4,clean,0,0.133312,0.718511,1.546011,54.5065
000015.mp4,h264_crf18,18,0.139301,0.674027,1.428089,52.132
000015.mp4,h264_crf23,23,0.136249,0.702766,1.480662,53.4528
000015.mp4,h264_crf28,28,0.133251,0.716837,1.471419,52.6638
000015.mp4,h264_crf33,33,0.138354,0.727419,1.445724,56.6926
000015.mp4,h264_crf38,38,0.155974,0.731186,1.483898,55.1974
000015.mp4,h264_crf43,43,0.193108,0.739238,1.444323,52.7023
000015.mp4,jpeg_q30,30,0.311979,0.939234,1.087911,57.4308
000015.mp4,jpeg_q90,90,0.152386,0.845285,1.380755,55.3913
000016.mp4,clean,0,0.13692,0.711874,1.649041,55.2946
000016.mp4,h264_crf18,18,0.157744,0.710619,1.35212,52.7458
000016.mp4,h264_crf23,23,0.152816,0.738062,1.346956,55.5554
000016.mp4,h264_crf28,28,0.15489,0.743662,1.332535,52.9767
000016.mp4,h264_crf33,33,0.161907,0.748147,1.283068,55.8098
000016.mp4,h264_crf38,38,0.177433,0.759965,1.185583,53.6262
000016.mp4,h264_crf43,43,0.22194,0.764489,1.339384,56.5944
000016.mp4,jpeg_q90,90,0.154806,0.842674,1.599813,55.4059
000017.mp4,clean,0,0.136254,0.730588,1.598307,54.2189
000017.mp4,h264_crf18,18,0.146973,0.689812,1.647297,52.1667
000017.mp4,h264_crf23,23,0.146953,0.712632,1.621466,52.9362
000017.mp4,h264_crf28,28,0.143545,0.737743,1.55747,55.2233
000017.mp4,h264_crf33,33,0.152106,0.748525,1.461755,55.8947
000017.mp4,h264_crf38,38,0.163935,0.758072,1.369215,54.3781
000017.mp4,h264_crf43,43,0.222102,0.761539,1.422608,53.0998
000017.mp4,jpeg_q30,30,0.323276,0.940629,1.128976,54.3034
000017.mp4,jpeg_q60,60,0.230362,0.922034,1.337017,56.0661
000017.mp4,jpeg_q90,90,0.157011,0.850686,1.577788,55.0266
000018.mp4,clean,0,0.130932,0.734794,1.444717,56.7766
000018.mp4,h264_crf18,18,0.141855,0.708905,1.463995,53.8347
000018.mp4,h264_crf23,23,0.141963,0.734355,1.41833,56.3234
000018.mp4,h264_crf28,28,0.14595,0.755301,1.50337,56.1555
000018.mp4,h264_crf33,33,0.150606,0.76144,1.306421,55.798
000018.mp4,h264_crf38,38,0.175397,0.768933,1.250378,53.9904
000018.mp4,h264_crf43,43,0.222554,0.771285,1.39056,49.8679
000018.mp4,jpeg_q60,60,0.220637,0.922792,1.216476,57.9221
000018.mp4,jpeg_q90,90,0.149636,0.851264,1.33265,57.3596
000019.mp4,clean,0,0.144667,0.74422,1.278515,54.5974
000019.mp4,h264_crf18,18,0.15016,0.717853,1.428933,52.5583
000019.mp4,h264_crf23,23,0.142893,0.744739,1.469304,55.5051
000019.mp4,h264_crf28,28,0.14223,0.759726,1.391103,53.1071
000019.mp4,h264_crf33,33,0.155655,0.775411,1.34574,54.3991
000019.mp4,h264_crf38,38,0.182923,0.77834,1.141346,51.2429
000019.mp4,h264_crf43,43,0.222152,0.772461,1.082029,52.1335
000019.mp4,jpeg_q60,60,0.236152,0.924167,1.095555,56.175
000019.mp4,jpeg_q90,90,0.162066,0.859315,1.263641,55.7775
000020.mp4,clean,0,0.13504,0.705218,1.178282,49.7106
000020.mp4,h264_crf18,18,0.142134,0.655772,1.175316,47.5475
000020.mp4,h264_crf23,23,0.137004,0.686703,1.234202,50.4973
000020.mp4,h264_crf28,28,0.13539,0.704839,1.270149,51.9509
000020.mp4,h264_crf33,33,0.140099,0.709144,1.255159,50.9035
000020.mp4,h264_crf38,38,0.145399,0.720603,1.321948,54.4367
000020.mp4,h264_crf43,43,0.188575,0.729612,1.017666,52.2311
000020.mp4,jpeg_q30,30,0.322367,0.93754,0.935255,50.9846
000020.mp4,jpeg_q60,60,0.223126,0.91767,1.077367,52.0217
000020.mp4,jpeg_q90,90,0.154609,0.839844,1.162932,50.7141
000021.mp4,clean,0,0.132063,0.709144,1.238444,54.5676
000021.mp4,h264_crf18,18,0.139234,0.674585,1.28002,48.9182
000021.mp4,h264_crf23,23,0.141996,0.702368,1.278273,52.134
000021.mp4,h264_crf28,28,0.138626,0.728097,1.288326,54.8723
000021.mp4,h264_crf33,33,0.136804,0.740713,1.301746,57.6921
000021.mp4,h264_crf38,38,0.153197,0.735651,1.322097,55.1413
000021.mp4,h264_crf43,43,0.18746,0.745775,1.169987,57.3962
000021.mp4,jpeg_q30,30,0.313676,0.939074,0.958483,55.6183
000021.mp4,jpeg_q90,90,0.151068,0.843033,1.19472,55.5192
000022.mp4,clean,0,0.135747,0.688696,1.097612,52.5681
000022.mp4,h264_crf18,18,0.139619,0.666016,1.211531,49.465
000022.mp4,h264_crf23,23,0.137854,0.703404,1.232019,52.4299
000022.mp4,h264_crf28,28,0.13876,0.723055,1.168557,53.3766
000022.mp4,h264_crf33,33,0.140789,0.724809,1.148783,54.3508
000022.mp4,h264_crf38,38,0.151267,0.738859,1.141044,54.6354
000022.mp4,h264_crf43,43,0.184718,0.745316,1.033309,53.6164
000022.mp4,jpeg_q30,30,0.32124,0.938636,0.886609,54.8337
000022.mp4,jpeg_q60,60,0.228285,0.917769,1.032393,55.3845
000022.mp4,jpeg_q90,90,0.156188,0.839405,1.096754,54.3068
000023.mp4,clean,0,0.134101,0.701949,1.257603,53.5529
000023.mp4,h264_crf18,18,0.140116,0.682079,1.242976,50.0168
000023.mp4,h264_crf23,23,0.139255,0.711874,1.220955,52.6906
000023.mp4,h264_crf28,28,0.132263,0.732302,1.221167,55.8942
000023.mp4,h264_crf33,33,0.137107,0.735571,1.199726,55.2814
000023.mp4,h264_crf38,38,0.149337,0.735292,1.379761,57.197
000023.mp4,h264_crf43,43,0.187988,0.742028,1.267881,55.9821
000023.mp4,jpeg_q30,30,0.32046,0.938277,0.869179,57.9938
000023.mp4,jpeg_q90,90,0.154092,0.842654,1.238103,55.6852
000024.mp4,clean,0,0.135946,0.706413,1.619129,52.4201
000024.mp4,h264_crf18,18,0.146504,0.647979,1.622604,48.4675
000024.mp4,h264_crf23,23,0.151897,0.693459,1.650057,51.8859
000024.mp4,h264_crf28,28,0.144689,0.716578,1.642617,52.027
000024.mp4,h264_crf33,33,0.155607,0.723992,1.667303,52.4933
000024.mp4,h264_crf38,38,0.16752,0.735312,1.532876,55.4909
000024.mp4,h264_crf43,43,0.219309,0.749741,1.281962,56.3967
000024.mp4,jpeg_q30,30,0.318041,0.938616,1.157717,54.7482
000024.mp4,jpeg_q90,90,0.156129,0.842395,1.514557,54.1979
000025.mp4,clean,0,0.142799,0.722995,1.474021,55.4269
000025.mp4,h264_crf18,18,0.143095,0.690768,1.487163,54.4943
000025.mp4,h264_crf23,23,0.138333,0.730827,1.525374,55.0915
000025.mp4,h264_crf28,28,0.142453,0.751156,1.554569,57.7145
000025.mp4,h264_crf33,33,0.148054,0.757812,1.595292,61.9909
000025.mp4,h264_crf38,38,0.161502,0.750379,1.49431,58.7526
000025.mp4,h264_crf43,43,0.192691,0.744141,1.590496,54.9494
000025.mp4,jpeg_q30,30,0.320999,0.938776,1.17596,56.8947
000025.mp4,jpeg_q60,60,0.231107,0.921496,1.217193,57.0207
000025.mp4,jpeg_q90,90,0.159494,0.849191,1.405492,55.133
000026.mp4,clean,0,0.139113,0.713449,1.562652,54.1574
000026.mp4,h264_crf18,18,0.140817,0.691008,1.5051,52.1984
000026.mp4,h264_crf23,23,0.139185,0.718072,1.551073,55.403
000026.mp4,h264_crf28,28,0.144393,0.727778,1.602386,55.6979
000026.mp4,h264_crf33,33,0.163095,0.740254,1.454559,54.3195
000026.mp4,h264_crf38,38,0.162834,0.760702,1.212084,53.7414
000026.mp4,h264_crf43,43,0.203521,0.758789,1.169432,52.4055
000026.mp4,jpeg_q30,30,0.318266,0.94047,1.178922,56.8576
000026.mp4,jpeg_q60,60,0.231319,0.92044,1.33407,56.799
000026.mp4,jpeg_q90,90,0.157929,0.845942,1.462552,55.5085
000027.mp4,clean,0,0.132702,0.731146,1.438456,57.9011
000027.mp4,h264_crf18,18,0.142835,0.69316,1.531203,54.9577
000027.mp4,h264_crf23,23,0.138689,0.731944,1.498743,55.1125
000027.mp4,h264_crf28,28,0.142535,0.750698,1.56396,57.7516
000027.mp4,h264_crf33,33,0.148988,0.75572,1.593484,61.7145
000027.mp4,h264_crf38,38,0.163471,0.751495,1.490682,58.8503
000027.mp4,h264_crf43,43,0.191244,0.742546,1.550247,54.6354
000027.mp4,jpeg_q30,30,0.31695,0.939912,1.246919,59.3273
000027.mp4,jpeg_q60,60,0.225866,0.921516,1.250115,58.6179
000027.mp4,jpeg_q90,90,0.153469,0.850646,1.321342,58.4221
000028.mp4,clean,0,0.134271,0.706294,1.719683,49.6354
000028.mp4,h264_crf18,18,0.147641,0.663724,1.607359,47.363
000028.mp4,h264_crf23,23,0.144048,0.701032,1.665017,51.071
000028.mp4,h264_crf28,28,0.149325,0.714066,1.554854,51.3932
000028.mp4,h264_crf33,33,0.141855,0.738182,1.417582,57.3093
000028.mp4,h264_crf38,38,0.148825,0.741091,1.499938,54.8893
000028.mp4,h264_crf43,43,0.191014,0.74424,1.383165,53.925
000028.mp4,jpeg_q30,30,0.302513,0.93758,1.283466,52.7766
000028.mp4,jpeg_q60,60,0.220939,0.916175,1.514931,52.1584
000028.mp4,jpeg_q90,90,0.154102,0.840083,1.589132,49.9406
000029.mp4,clean,0,0.136892,0.699837,1.417816,51.7267
000029.mp4,h264_crf18,18,0.139375,0.675781,1.454692,50.0007
000029.mp4,h264_crf23,23,0.139061,0.707988,1.420992,51.3
000029.mp4,h264_crf28,28,0.140712,0.716777,1.392556,53.0392
000029.mp4,h264_crf33,33,0.140952,0.734674,1.385269,56.8898
000029.mp4,h264_crf38,38,0.150815,0.73874,1.274321,58.1882
000029.mp4,h264_crf43,43,0.186122,0.743563,1.375313,56.8664
000029.mp4,jpeg_q30,30,0.31402,0.938756,1.209772,53.4738
000029.mp4,jpeg_q90,90,0.156373,0.841857,1.343413,53.8498
000030.mp4,clean,0,0.142884,0.717634,1.607402,50.2326
000030.mp4,h264_crf18,18,0.151366,0.65328,1.67605,45.925
000030.mp4,h264_crf23,23,0.152321,0.686842,1.656851,48.7097
000030.mp4,h264_crf28,28,0.154077,0.703205,1.533554,52.0217
000030.mp4,h264_crf33,33,0.151259,0.717754,1.525103,54.8044
000030.mp4,h264_crf38,38,0.151611,0.732721,1.421525,54.4528
000030.mp4,h264_crf43,43,0.179594,0.744539,1.374729,57.467
000030.mp4,jpeg_q30,30,0.331872,0.938955,1.162898,51.3952
000030.mp4,jpeg_q60,60,0.231583,0.918108,1.407831,50.8425
000030.mp4,jpeg_q90,90,0.16343,0.846241,1.480106,50.2849
000031.mp4,clean,0,0.136221,0.705596,1.431339,52.405
000031.mp4,h264_crf18,18,0.138843,0.676818,1.436195,49.6437
000031.mp4,h264_crf23,23,0.140417,0.704759,1.407515,51.3625
000031.mp4,h264_crf28,28,0.141584,0.716837,1.327538,51.3215
000031.mp4,h264_crf33,33,0.13994,0.736308,1.480788,57.9738
000031.mp4,h264_crf38,38,0.149401,0.736169,1.357426,57.6066
000031.mp4,h264_crf43,43,0.184157,0.740733,1.39146,56.9675
000031.mp4,jpeg_q30,30,0.31799,0.938337,1.151122,54.8669
000031.mp4,jpeg_q60,60,0.222579,0.918347,1.210834,54.2624
000031.mp4,jpeg_q90,90,0.156468,0.842156,1.381425,53.3869
000032.mp4,clean,0,0.136154,0.71604,1.346519,54.027
000032.mp4,h264_crf18,18,0.14662,0.661711,1.370768,50.2433
000032.mp4,h264_crf23,23,0.145161,0.69898,1.352643,53.1335
000032.mp4,h264_crf28,28,0.149701,0.713668,1.426755,53.2658
000032.mp4,h264_crf33,33,0.146742,0.725407,1.455193,53.6301
000032.mp4,h264_crf38,38,0.157643,0.730947,1.305192,52.8581
000032.mp4,h264_crf43,43,0.202018,0.750797,1.163132,55.7199
000032.mp4,jpeg_q30,30,0.306865,0.938158,1.122078,55.8068
000032.mp4,jpeg_q60,60,0.223544,0.919503,1.143492,55.9533
000032.mp4,jpeg_q90,90,0.155959,0.846102,1.232373,54.8303
000033.mp4,clean,0,0.139986,0.714704,1.443204,51.0544
000033.mp4,h264_crf18,18,0.150026,0.688536,1.46657,47.4724
000033.mp4,h264_crf23,23,0.144855,0.71867,1.410021,50.7507
000033.mp4,h264_crf28,28,0.137701,0.746612,1.322715,53.653
000033.mp4,h264_crf33,33,0.150165,0.762895,1.319203,56.9816
000033.mp4,h264_crf38,38,0.171057,0.763871,1.18449,56.3815
000033.mp4,h264_crf43,43,0.211527,0.770906,1.418803,53.9103
000033.mp4,jpeg_q30,30,0.32745,0.939792,1.074784,56.3327
000033.mp4,jpeg_q60,60,0.231527,0.921576,1.239733,52.0451
000033.mp4,jpeg_q90,90,0.159658,0.848653,1.382961,52.0837
000034.mp4,clean,0,0.136715,0.711735,1.387299,53.4113
000034.mp4,h264_crf18,18,0.147866,0.707231,1.381384,54.2643
000034.mp4,h264_crf23,23,0.138347,0.733359,1.343673,55.1506
000034.mp4,h264_crf28,28,0.142238,0.746871,1.282077,57.5676
000034.mp4,h264_crf33,33,0.147895,0.751236,1.266553,55.8771
000034.mp4,h264_crf38,38,0.164119,0.749382,1.195201,54.1901
000034.mp4,h264_crf43,43,0.203833,0.756716,1.174031,55.8796
000034.mp4,jpeg_q30,30,0.309577,0.938995,1.036209,56.8688
000034.mp4,jpeg_q60,60,0.22471,0.920081,1.246915,56.7429
000034.mp4,jpeg_q90,90,0.153915,0.844906,1.380092,55.5593
000035.mp4,clean,0,0.135256,0.729074,1.446745,51.6735
000035.mp4,h264_crf18,18,0.148996,0.683534,1.435802,48.2975
000035.mp4,h264_crf23,23,0.142898,0.713967,1.48574,50.7927
000035.mp4,h264_crf28,28,0.142904,0.731684,1.45607,51.695
000035.mp4,h264_crf33,33,0.143496,0.744878,1.389411,52.2487
000035.mp4,h264_crf38,38,0.167339,0.754325,1.325878,55.8527
000035.mp4,h264_crf43,43,0.220673,0.759467,1.466582,53.4924
000035.mp4,jpeg_q30,30,0.328106,0.941147,1.006126,54.301
000035.mp4,jpeg_q60,60,0.229139,0.922393,1.202129,52.8351
000035.mp4,jpeg_q90,90,0.153473,0.851024,1.381348,52.7482
000036.mp4,clean,0,0.135404,0.718929,1.717887,51.5905
000036.mp4,h264_crf18,18,0.147296,0.673689,1.739446,49.9006
000036.mp4,h264_crf23,23,0.148949,0.702786,1.718786,50.2468
000036.mp4,h264_crf28,28,0.144642,0.722776,1.78988,54.5856
000036.mp4,h264_crf33,33,0.146352,0.737085,1.60686,56.383
000036.mp4,h264_crf38,38,0.154287,0.745994,1.630467,56.009
000036.mp4,h264_crf43,43,0.194255,0.755879,1.453028,58.1315
000036.mp4,jpeg_q30,30,0.315689,0.938875,1.254034,52.8439
000036.mp4,jpeg_q60,60,0.222867,0.919503,1.536921,53.3288
000036.mp4,jpeg_q90,90,0.153321,0.845962,1.659173,52.4597
000037.mp4,clean,0,0.133905,0.722098,1.472857,53.611
000037.mp4,h264_crf18,18,0.140741,0.695113,1.522142,52.2604
000037.mp4,h264_crf23,23,0.137121,0.723832,1.401658,56.0485
000037.mp4,h264_crf28,28,0.135575,0.733817,1.456122,57.174
000037.mp4,h264_crf33,33,0.144575,0.734315,1.500525,57.381
000037.mp4,h264_crf38,38,0.149388,0.746313,1.419268,56.9611
000037.mp4,h264_crf43,43,0.197328,0.754903,1.803964,54.7643
000037.mp4,jpeg_q30,30,0.316572,0.940091,1.08333,58.0934
000037.mp4,jpeg_q60,60,0.222948,0.920041,1.234448,56.1154
000037.mp4,jpeg_q90,90,0.154087,0.848294,1.44519,55.1413
000038.mp4,clean,0,0.142348,0.709682,1.763563,52.7668
000038.mp4,h264_crf18,18,0.144075,0.689055,1.624719,54.1603
000038.mp4,h264_crf23,23,0.145453,0.719408,1.656958,55.6154
000038.mp4,h264_crf28,28,0.143749,0.731007,1.593275,57.5168
000038.mp4,h264_crf33,33,0.148096,0.737783,1.494701,57.7404
000038.mp4,h264_crf38,38,0.153272,0.748007,1.501942,57.6769
000038.mp4,h264_crf43,43,0.177492,0.765924,1.588815,55.1013
000038.mp4,jpeg_q30,30,0.330475,0.938198,1.236845,56.2023
000038.mp4,jpeg_q60,60,0.2341,0.919782,1.46797,53.5065
000038.mp4,jpeg_q90,90,0.16376,0.845703,1.669648,54.4133
000039.mp4,clean,0,0.13487,0.720803,1.580521,54.5026
000039.mp4,h264_crf18,18,0.139715,0.691904,1.586691,53.0964
000039.mp4,h264_crf23,23,0.143782,0.717893,1.587419,55.2531
000039.mp4,h264_crf28,28,0.149346,0.734754,1.493673,56.3039
000039.mp4,h264_crf33,33,0.146515,0.74135,1.348088,57.2985
000039.mp4,h264_crf38,38,0.149292,0.74711,1.572569,56.2907
000039.mp4,h264_crf43,43,0.178972,0.758689,1.488739,56.3156
000039.mp4,jpeg_q30,30,0.319891,0.939513,1.127815,56.9357
000039.mp4,jpeg_q60,60,0.225248,0.920898,1.470313,56.4699
000039.mp4,jpeg_q90,90,0.154917,0.847696,1.462746,57.0754
000040.mp4,clean,0,0.137471,0.71032,1.682598,51.2883
000040.mp4,h264_crf18,18,0.139084,0.674306,1.653464,47.7238
000040.mp4,h264_crf23,23,0.139194,0.704321,1.714642,50.5666
000040.mp4,h264_crf28,28,0.136144,0.724908,1.638216,52.1462
000040.mp4,h264_crf33,33,0.140216,0.73872,1.611982,56.7321
000040.mp4,h264_crf38,38,0.145479,0.754046,1.242228,55.362
000040.mp4,h264_crf43,43,0.185788,0.750438,1.288704,54.256
000040.mp4,jpeg_q30,30,0.31627,0.939712,1.124346,54.7038
000040.mp4,jpeg_q60,60,0.22248,0.919005,1.451436,51.8703
000040.mp4,jpeg_q90,90,0.155699,0.84361,1.62231,52.4113
000041.mp4,clean,0,0.135385,0.712353,1.611947,52.4641
000041.mp4,h264_crf18,18,0.139646,0.672752,1.631698,48.9455
000041.mp4,h264_crf23,23,0.133935,0.701192,1.56206,53.509
000041.mp4,h264_crf28,28,0.139026,0.723792,1.59988,53.756
000041.mp4,h264_crf33,33,0.145981,0.736647,1.508729,54.7214
000041.mp4,h264_crf38,38,0.155646,0.745157,1.493039,53.7136
000041.mp4,h264_crf43,43,0.189544,0.756238,1.537281,54.7048
000041.mp4,jpeg_q60,60,0.22889,0.920041,1.32247,55.5104
000041.mp4,jpeg_q90,90,0.156935,0.845464,1.540344,54.0974
000042.mp4,clean,0,0.136201,0.715342,1.574677,52.8454
000042.mp4,h264_crf18,18,0.144558,0.654835,1.591132,49.1862
000042.mp4,h264_crf23,23,0.142372,0.697026,1.742336,52.256
000042.mp4,h264_crf28,28,0.138529,0.715063,1.735007,53.7497
000042.mp4,h264_crf33,33,0.137969,0.719228,1.686788,53.0446
000042.mp4,h264_crf38,38,0.162438,0.736667,1.513205,55.2224
000042.mp4,h264_crf43,43,0.206064,0.748844,1.469503,57.2653
000042.mp4,jpeg_q30,30,0.32355,0.940689,1.145859,56.2448
000042.mp4,jpeg_q60,60,0.231824,0.920261,1.336456,54.6984
000042.mp4,jpeg_q90,90,0.158335,0.844667,1.450336,53.2609
000043.mp4,clean,0,0.131283,0.723254,1.620122,53.6882
000043.mp4,h264_crf18,18,0.140331,0.683135,1.583822,50.0549
000043.mp4,h264_crf23,23,0.136118,0.718451,1.590192,53.3884
000043.mp4,h264_crf28,28,0.137652,0.731904,1.759393,55.7204
000043.mp4,h264_crf33,33,0.141578,0.744659,1.635646,55.404
000043.mp4,h264_crf38,38,0.156091,0.740992,1.630167,54.6608
000043.mp4,h264_crf43,43,0.200332,0.756756,1.395366,54.1022
000043.mp4,jpeg_q30,30,0.314624,0.940091,1.178813,57.112
000043.mp4,jpeg_q60,60,0.224261,0.922154,1.37054,56.2365
000043.mp4,jpeg_q90,90,0.155095,0.850147,1.557573,55.0998
000044.mp4,clean,0,0.13518,0.689912,1.492594,53.5861
000044.mp4,h264_crf18,18,0.139179,0.635443,1.478767,50.6144
000044.mp4,h264_crf23,23,0.14286,0.669663,1.569564,52.6652
000044.mp4,h264_crf28,28,0.142986,0.689593,1.5225,52.4577
000044.mp4,h264_crf33,33,0.144205,0.708905,1.484258,56.6432
000044.mp4,h264_crf38,38,0.154914,0.719288,1.435326,54.8806
000044.mp4,h264_crf43,43,0.185863,0.736727,1.273878,51.8283
000044.mp4,jpeg_q30,30,0.307642,0.937181,1.063241,55.0622
000044.mp4,jpeg_q90,90,0.152564,0.834901,1.47783,54.384
000045.mp4,clean,0,0.132824,0.706334,1.365502,55.3083
000045.mp4,h264_crf18,18,0.139125,0.675024,1.370058,53.7595
000045.mp4,h264_crf23,23,0.143612,0.709104,1.415301,55.5778
000045.mp4,h264_crf28,28,0.146782,0.72734,1.341137,56.7141
000045.mp4,h264_crf33,33,0.149724,0.734196,1.332617,57.6472
000045.mp4,h264_crf38,38,0.164776,0.734893,1.242099,55.2487
000045.mp4,h264_crf43,43,0.194166,0.749023,0.980409,54.2062
000045.mp4,jpeg_q60,60,0.217859,0.917211,1.150936,55.4128
000045.mp4,jpeg_q90,90,0.152355,0.843411,1.248086,56.4767
000046.mp4,clean,0,0.134856,0.706393,1.407671,53.5978
000046.mp4,h264_crf18,18,0.137516,0.662269,1.366122,50.8776
000046.mp4,h264_crf23,23,0.136574,0.696508,1.416224,54.9094
000046.mp4,h264_crf28,28,0.138518,0.722238,1.473694,55.6296
000046.mp4,h264_crf33,33,0.139514,0.73571,1.226768,56.8137
000046.mp4,h264_crf38,38,0.152031,0.733538,1.452153,55.6183
000046.mp4,h264_crf43,43,0.188871,0.73579,1.322833,54.093
000046.mp4,jpeg_q30,30,0.314528,0.937261,0.921972,57.3869
000046.mp4,jpeg_q60,60,0.220624,0.916414,1.205508,56.3469
000046.mp4,jpeg_q90,90,0.153278,0.842375,1.347576,54.8527
000047.mp4,clean,0,0.139436,0.695014,1.289785,52.3635
000047.mp4,h264_crf18,18,0.142332,0.647521,1.276526,49.1667
000047.mp4,h264_crf23,23,0.147299,0.689533,1.328527,53.2604
000047.mp4,h264_crf28,28,0.141842,0.703045,1.257167,54.2814
000047.mp4,h264_crf33,33,0.147595,0.715143,1.231813,54.0339
000047.mp4,h264_crf38,38,0.158354,0.73019,1.279704,55.7297
000047.mp4,h264_crf43,43,0.205807,0.736268,1.367825,52.0939
000047.mp4,jpeg_q30,30,0.312648,0.938098,0.898786,56.468
000047.mp4,jpeg_q60,60,0.222328,0.917969,1.089036,55.5861
000047.mp4,jpeg_q90,90,0.155816,0.841697,1.272865,53.5007
000048.mp4,clean,0,0.141106,0.706493,1.560422,48.8928
000048.mp4,h264_crf18,18,0.146921,0.669643,1.460233,48.2355
000048.mp4,h264_crf23,23,0.14739,0.693838,1.391558,47.5602
000048.mp4,h264_crf28,28,0.149416,0.715183,1.411406,50.6081
000048.mp4,h264_crf33,33,0.151418,0.726722,1.37992,51.6369
000048.mp4,h264_crf38,38,0.16268,0.74147,1.22376,53.3078
000048.mp4,h264_crf43,43,0.176705,0.741908,1.170645,51.1896
000048.mp4,jpeg_q30,30,0.315726,0.936683,1.191019,50.1545
000048.mp4,jpeg_q60,60,0.223733,0.915717,1.328777,51.1428
000048.mp4,jpeg_q90,90,0.159462,0.840163,1.488606,50.9904
000049.mp4,clean,0,0.134631,0.712233,1.42436,52.3351
000049.mp4,h264_crf18,18,0.144088,0.643674,1.379662,46.5314
000049.mp4,h264_crf23,23,0.144484,0.686424,1.439073,48.5178
000049.mp4,h264_crf28,28,0.13952,0.69894,1.329397,50.8278
000049.mp4,h264_crf33,33,0.149742,0.709522,1.315315,52.3107
000049.mp4,h264_crf38,38,0.150902,0.720703,1.344225,54.3957
000049.mp4,h264_crf43,43,0.183729,0.72156,1.304976,54.0275
000049.mp4,jpeg_q30,30,0.307703,0.93754,1.09096,56.4064
000049.mp4,jpeg_q60,60,0.223268,0.917789,1.213093,53.801
000049.mp4,jpeg_q90,90,0.155358,0.842953,1.348725,53.3517
000050.mp4,clean,0,0.135736,0.70446,1.443429,50.2849
000050.mp4,h264_crf18,18,0.141654,0.673529,1.414193,48.4811
000050.mp4,h264_crf23,23,0.139495,0.703145,1.332485,49.4997
000050.mp4,h264_crf28,28,0.146724,0.709283,1.258031,49.4748
000050.mp4,h264_crf33,33,0.147899,0.732083,1.183576,54.1813
000050.mp4,h264_crf38,38,0.151673,0.725526,1.238001,52.5651
000050.mp4,h264_crf43,43,0.188459,0.739896,1.097025,52.6281
000050.mp4,jpeg_q30,30,0.312678,0.936723,1.034999,53.1525
000050.mp4,jpeg_q60,60,0.220219,0.916414,1.22959,52.4103
000050.mp4,jpeg_q90,90,0.154019,0.841338,1.37256,51.4108
000051.mp4,clean,0,0.134639,0.697305,1.328587,50.0031
000051.mp4,h264_crf18,18,0.140174,0.678253,1.223543,48.736
000051.mp4,h264_crf23,23,0.134827,0.711555,1.212837,50.4675
000051.mp4,h264_crf28,28,0.138021,0.727718,1.209464,53.1413
000051.mp4,h264_crf33,33,0.140564,0.729213,1.279284,54.1144
000051.mp4,h264_crf38,38,0.15149,0.734475,1.21128,53.2717
000051.mp4,h264_crf43,43,0.183061,0.733697,1.22308,53.4655
000051.mp4,jpeg_q30,30,0.312241,0.936783,0.883441,53.6486
000051.mp4,jpeg_q60,60,0.216237,0.916833,1.043812,52.7834
000051.mp4,jpeg_q90,90,0.152271,0.839007,1.265598,51.7624
000052.mp4,clean,0,0.13825,0.697724,1.453991,52.4631
000052.mp4,h264_crf18,18,0.144158,0.655752,1.445046,48.4689
000052.mp4,h264_crf23,23,0.144562,0.689413,1.49319,50.881
000052.mp4,h264_crf28,28,0.143181,0.708646,1.560606,53.4694
000052.mp4,h264_crf33,33,0.144863,0.718252,1.598604,54.3693
000052.mp4,h264_crf38,38,0.153939,0.729094,1.327202,54.7121
000052.mp4,h264_crf43,43,0.175626,0.743064,1.673063,53.9006
000052.mp4,jpeg_q60,60,0.222886,0.914043,1.335111,55.2888
000052.mp4,jpeg_q90,90,0.156685,0.836515,1.392327,52.8
000053.mp4,clean,0,0.14007,0.705437,1.547053,53.2443
000053.mp4,h264_crf18,18,0.148933,0.663524,1.604472,50.2097
000053.mp4,h264_crf23,23,0.146457,0.689493,1.647715,51.6496
000053.mp4,h264_crf28,28,0.146452,0.703643,1.578178,52.6218
000053.mp4,h264_crf33,33,0.148057,0.717933,1.622407,54.6423
000053.mp4,h264_crf38,38,0.162213,0.731465,1.483596,54.3918
000053.mp4,h264_crf43,43,0.188266,0.729891,1.714176,55.3151
000053.mp4,jpeg_q30,30,0.318541,0.936822,1.03324,56.6389
000053.mp4,jpeg_q60,60,0.225597,0.916614,1.333458,56.8693
000053.mp4,jpeg_q90,90,0.159933,0.839664,1.471803,54.1833
000054.mp4,clean,0,0.145494,0.691327,1.448042,53.7307
000054.mp4,h264_crf18,18,0.151431,0.666175,1.439764,49.9152
000054.mp4,h264_crf23,23,0.147108,0.699,1.51348,53.2023
000054.mp4,h264_crf28,28,0.149524,0.714904,1.54294,53.5026
000054.mp4,h264_crf33,33,0.14545,0.724629,1.454147,55.3923
000054.mp4,h264_crf38,38,0.155725,0.735551,1.391122,56.7487
000054.mp4,h264_crf43,43,0.192004,0.742666,1.399062,55.4562
000054.mp4,jpeg_q30,30,0.330956,0.937022,1.032796,58.1974
000054.mp4,jpeg_q60,60,0.229183,0.916175,1.251997,55.8996
000054.mp4,jpeg_q90,90,0.167314,0.839066,1.343533,55.3264
000055.mp4,clean,0,0.140736,0.704341,1.584459,53.7892
000055.mp4,h264_crf18,18,0.148963,0.642299,1.5371,48.4308
000055.mp4,h264_crf23,23,0.146957,0.678352,1.64038,50.3806
000055.mp4,h264_crf28,28,0.152397,0.691944,1.614196,51.5461
000055.mp4,h264_crf33,33,0.14806,0.70735,1.549203,52.3869
000055.mp4,h264_crf38,38,0.15558,0.727958,1.485273,54.0427
000055.mp4,h264_crf43,43,0.195566,0.7442,1.39904,52.7849
000055.mp4,jpeg_q30,30,0.318168,0.936663,1.090577,53.5612
000055.mp4,jpeg_q60,60,0.226233,0.916195,1.244359,56.3498
000055.mp4,jpeg_q90,90,0.158828,0.839824,1.468072,53.8181
000056.mp4,clean,0,0.136695,0.713768,1.363032,56.1276
000056.mp4,h264_crf18,18,0.137892,0.683733,1.387024,54.2165
000056.mp4,h264_crf23,23,0.135999,0.706433,1.536517,54.7536
000056.mp4,h264_crf28,28,0.137298,0.720843,1.451636,56.2961
000056.mp4,h264_crf33,33,0.14111,0.72728,1.461711,56.674
000056.mp4,h264_crf38,38,0.150392,0.725068,1.510425,55.1354
000056.mp4,h264_crf43,43,0.184598,0.740673,1.496592,55.3474
000056.mp4,jpeg_q30,30,0.309477,0.938158,1.134067,56.9064
000056.mp4,jpeg_q90,90,0.154875,0.843331,1.325369,57.3351
000057.mp4,clean,0,0.129594,0.701311,1.652662,54.3117
000057.mp4,h264_crf18,18,0.135269,0.654935,1.538514,51.4084
000057.mp4,h264_crf23,23,0.131336,0.692084,1.587143,55.2165
000057.mp4,h264_crf28,28,0.134782,0.716976,1.631005,57.1442
000057.mp4,h264_crf33,33,0.138573,0.72435,1.692321,57.9401
000057.mp4,h264_crf38,38,0.149,0.726582,1.593015,57.465
000057.mp4,h264_crf43,43,0.192443,0.734116,1.588063,53.0314
000057.mp4,jpeg_q30,30,0.304461,0.938297,1.23702,57.2199
000057.mp4,jpeg_q90,90,0.149146,0.842076,1.521075,54.6183
000058.mp4,clean,0,0.139927,0.702726,1.603029,57.6506
000058.mp4,h264_crf18,18,0.138267,0.677236,1.594091,55.9421
000058.mp4,h264_crf23,23,0.137433,0.709423,1.480434,58.5534
000058.mp4,h264_crf28,28,0.136621,0.717136,1.653311,57.8581
000058.mp4,h264_crf33,33,0.145159,0.724051,1.580849,58.3615
000058.mp4,h264_crf38,38,0.153297,0.727519,1.72969,59.8698
000058.mp4,h264_crf43,43,0.185622,0.744998,1.577917,56.6745
000058.mp4,jpeg_q30,30,0.317399,0.938277,1.189885,60.7267
000058.mp4,jpeg_q60,60,0.224931,0.918846,1.421614,58.277
000058.mp4,jpeg_q90,90,0.158624,0.842913,1.608032,59.506
000059.mp4,clean,0,0.133475,0.714923,1.562537,58.655
000059.mp4,h264_crf18,18,0.141947,0.645049,1.543178,54.1765
000059.mp4,h264_crf23,23,0.13823,0.675263,1.520099,55.3762
000059.mp4,h264_crf28,28,0.13579,0.697325,1.711647,54.9518
000059.mp4,h264_crf33,33,0.147037,0.712233,1.707219,56.8503
000059.mp4,h264_crf38,38,0.150817,0.723334,1.718029,59.6589
000059.mp4,h264_crf43,43,0.183537,0.743961,1.542808,56.8503
000059.mp4,jpeg_q30,30,0.322926,0.939553,1.176564,58.2556
000059.mp4,jpeg_q60,60,0.222948,0.919105,1.39294,59.4421
000059.mp4,jpeg_q90,90,0.153148,0.847577,1.537986,59.966
000060.mp4,clean,0,0.137687,0.709204,1.580937,57.903
000060.mp4,h264_crf18,18,0.138128,0.648976,1.637162,53.6584
000060.mp4,h264_crf23,23,0.142076,0.677834,1.574121,55.7228
000060.mp4,h264_crf28,28,0.141445,0.69591,1.603018,55.6369
000060.mp4,h264_crf33,33,0.146193,0.716677,1.713751,57.1262
000060.mp4,h264_crf38,38,0.153421,0.726164,1.599913,59.1833
000060.mp4,h264_crf43,43,0.192883,0.745954,1.466734,56.8532
000060.mp4,jpeg_q90,90,0.159046,0.845324,1.572583,59.465
