source,codec,kbps,feat_l2_rel,mel_cos,ser_agree
03-01-01-01-01-01-01.wav,aac,32,0.023771,0.956784,1
03-01-01-01-01-01-01.wav,aac,64,0.006676,0.998089,1
03-01-01-01-01-01-01.wav,aac,128,0.003106,0.999942,1
03-01-01-01-01-01-01.wav,opus,32,0.012443,0.998672,1
03-01-01-01-01-01-01.wav,opus,64,0.007705,0.999597,1
03-01-01-01-01-01-01.wav,opus,128,0.004732,0.999832,1
03-01-01-01-01-01-01.wav,mp3,64,0.006771,0.999613,1
03-01-01-01-01-01-01.wav,mp3,128,0.006214,0.999989,1
03-01-01-01-01-01-01.wav,mp3,256,0.002537,1.0,1
03-01-01-01-01-02-01.wav,aac,32,0.012447,0.995581,1
03-01-01-01-01-02-01.wav,aac,64,0.008672,0.999089,1
03-01-01-01-01-02-01.wav,aac,128,0.003627,0.999953,1
03-01-01-01-01-02-01.wav,opus,32,0.013123,0.998026,1
03-01-01-01-01-02-01.wav,opus,64,0.008119,0.999606,1
03-01-01-01-01-02-01.wav,opus,128,0.005116,0.999783,1
03-01-01-01-01-02-01.wav,mp3,64,0.006872,0.999466,1
03-01-01-01-01-02-01.wav,mp3,128,0.006509,0.999994,1
03-01-01-01-01-02-01.wav,mp3,256,0.002856,1.0,1
03-01-01-01-02-01-01.wav,aac,32,0.017709,0.989051,1
03-01-01-01-02-01-01.wav,aac,64,0.008424,0.998893,1
03-01-01-01-02-01-01.wav,aac,128,0.00235,0.999982,1
03-01-01-01-02-01-01.wav,opus,32,0.011796,0.998601,1
03-01-01-01-02-01-01.wav,opus,64,0.006044,0.999605,1
03-01-01-01-02-01-01.wav,opus,128,0.003885,0.999928,1
03-01-01-01-02-01-01.wav,mp3,64,0.005707,0.999392,1
03-01-01-01-02-01-01.wav,mp3,128,0.006852,0.999996,1
03-01-01-01-02-01-01.wav,mp3,256,0.001952,1.0,1
03-01-01-01-02-02-01.wav,aac,32,0.013921,0.99638,1
03-01-01-01-02-02-01.wav,aac,64,0.009215,0.998869,1
03-01-01-01-02-02-01.wav,aac,128,0.002542,0.999979,1
03-01-01-01-02-02-01.wav,opus,32,0.010608,0.996053,1
03-01-01-01-02-02-01.wav,opus,64,0.006953,0.999615,0
03-01-01-01-02-02-01.wav,opus,128,0.004846,0.999878,0
03-01-01-01-02-02-01.wav,mp3,64,0.006905,0.999518,1
03-01-01-01-02-02-01.wav,mp3,128,0.006715,0.999984,1
03-01-01-01-02-02-01.wav,mp3,256,0.002344,1.0,1
03-01-02-01-01-01-01.wav,aac,32,0.014085,0.996435,1
03-01-02-01-01-01-01.wav,aac,64,0.007372,0.999381,1
03-01-02-01-01-01-01.wav,aac,128,0.002825,0.999967,1
03-01-02-01-01-01-01.wav,opus,32,0.011503,0.996509,1
03-01-02-01-01-01-01.wav,opus,64,0.006594,0.999511,1
03-01-02-01-01-01-01.wav,opus,128,0.00414,0.999819,1
03-01-02-01-01-01-01.wav,mp3,64,0.005371,0.999543,1
03-01-02-01-01-01-01.wav,mp3,128,0.006049,0.999995,1
03-01-02-01-01-01-01.wav,mp3,256,0.00294,1.0,1
03-01-02-01-01-02-01.wav,aac,32,0.057738,0.998367,0
03-01-02-01-01-02-01.wav,aac,64,0.008507,0.998707,1
03-01-02-01-01-02-01.wav,aac,128,0.003373,0.999979,1
03-01-02-01-01-02-01.wav,opus,32,0.01514,0.998811,1
03-01-02-01-01-02-01.wav,opus,64,0.008886,0.998973,1
03-01-02-01-01-02-01.wav,opus,128,0.005058,0.999467,1
03-01-02-01-01-02-01.wav,mp3,64,0.008267,0.999127,1
03-01-02-01-01-02-01.wav,mp3,128,0.006418,0.999991,1
03-01-02-01-01-02-01.wav,mp3,256,0.002448,1.0,1
03-01-02-01-02-01-01.wav,aac,32,0.016733,0.992539,1
03-01-02-01-02-01-01.wav,aac,64,0.010121,0.998989,1
03-01-02-01-02-01-01.wav,aac,128,0.003861,0.999951,1
03-01-02-01-02-01-01.wav,opus,32,0.01368,0.995723,1
03-01-02-01-02-01-01.wav,opus,64,0.008338,0.999427,1
03-01-02-01-02-01-01.wav,opus,128,0.005588,0.999905,1
03-01-02-01-02-01-01.wav,mp3,64,0.007322,0.999493,1
03-01-02-01-02-01-01.wav,mp3,128,0.00615,0.999996,1
03-01-02-01-02-01-01.wav,mp3,256,0.003413,1.0,1
03-01-02-01-02-02-01.wav,aac,32,0.013067,0.990815,1
03-01-02-01-02-02-01.wav,aac,64,0.005436,0.999511,1
03-01-02-01-02-02-01.wav,aac,128,0.003503,0.999918,1
03-01-02-01-02-02-01.wav,opus,32,0.012672,0.998097,1
03-01-02-01-02-02-01.wav,opus,64,0.007379,0.999554,1
03-01-02-01-02-02-01.wav,opus,128,0.004626,0.999908,1
03-01-02-01-02-02-01.wav,mp3,64,0.00638,0.999109,1
03-01-02-01-02-02-01.wav,mp3,128,0.006278,0.999988,1
03-01-02-01-02-02-01.wav,mp3,256,0.002776,1.0,1
03-01-02-02-01-01-01.wav,aac,32,0.014266,0.993372,1
03-01-02-02-01-01-01.wav,aac,64,0.009345,0.999323,1
03-01-02-02-01-01-01.wav,aac,128,0.004222,0.999939,1
03-01-02-02-01-01-01.wav,opus,32,0.012326,0.994899,1
03-01-02-02-01-01-01.wav,opus,64,0.007751,0.999361,1
03-01-02-02-01-01-01.wav,opus,128,0.005346,0.999829,1
03-01-02-02-01-01-01.wav,mp3,64,0.006208,0.999535,1
03-01-02-02-01-01-01.wav,mp3,128,0.006272,0.99999,1
03-01-02-02-01-01-01.wav,mp3,256,0.004436,1.0,1
03-01-02-02-01-02-01.wav,aac,32,0.019696,0.987729,1
03-01-02-02-01-02-01.wav,aac,64,0.008951,0.999579,1
03-01-02-02-01-02-01.wav,aac,128,0.003365,0.999982,1
03-01-02-02-01-02-01.wav,opus,32,0.018944,0.99608,1
03-01-02-02-01-02-01.wav,opus,64,0.009567,0.999184,1
03-01-02-02-01-02-01.wav,opus,128,0.005654,0.999872,1
03-01-02-02-01-02-01.wav,mp3,64,0.006971,0.999496,1
03-01-02-02-01-02-01.wav,mp3,128,0.007174,0.999997,1
03-01-02-02-01-02-01.wav,mp3,256,0.003356,1.0,1
03-01-02-02-02-01-01.wav,aac,32,0.021392,0.997076,0
03-01-02-02-02-01-01.wav,aac,64,0.012013,0.999508,0
03-01-02-02-02-01-01.wav,aac,128,0.005779,0.999938,1
03-01-02-02-02-01-01.wav,opus,32,0.018556,0.995484,0
03-01-02-02-02-01-01.wav,opus,64,0.009052,0.999442,0
03-01-02-02-02-01-01.wav,opus,128,0.007512,0.999884,0
03-01-02-02-02-01-01.wav,mp3,64,0.007345,0.999531,0
03-01-02-02-02-01-01.wav,mp3,128,0.007747,0.999993,1
03-01-02-02-02-01-01.wav,mp3,256,0.005918,1.0,1
03-01-02-02-02-02-01.wav,aac,32,0.023009,0.990253,0
03-01-02-02-02-02-01.wav,aac,64,0.012163,0.999481,0
03-01-02-02-02-02-01.wav,aac,128,0.004442,0.99996,0
03-01-02-02-02-02-01.wav,opus,32,0.018356,0.994369,0
03-01-02-02-02-02-01.wav,opus,64,0.011442,0.999802,0
03-01-02-02-02-02-01.wav,opus,128,0.007604,0.999928,0
03-01-02-02-02-02-01.wav,mp3,64,0.007922,0.99974,0
03-01-02-02-02-02-01.wav,mp3,128,0.007008,0.999996,0
03-01-02-02-02-02-01.wav,mp3,256,0.004183,1.0,0
03-01-03-01-01-01-01.wav,aac,32,0.018006,0.995389,0
03-01-03-01-01-01-01.wav,aac,64,0.005221,0.999598,0
03-01-03-01-01-01-01.wav,aac,128,0.003198,0.999965,0
03-01-03-01-01-01-01.wav,opus,32,0.015649,0.998465,0
03-01-03-01-01-01-01.wav,opus,64,0.009133,0.999538,0
03-01-03-01-01-01-01.wav,opus,128,0.005224,0.999895,0
03-01-03-01-01-01-01.wav,mp3,64,0.008264,0.999514,0
03-01-03-01-01-01-01.wav,mp3,128,0.007556,0.999989,0
03-01-03-01-01-01-01.wav,mp3,256,0.002786,1.0,1
03-01-03-01-01-02-01.wav,aac,32,0.015113,0.995167,1
03-01-03-01-01-02-01.wav,aac,64,0.007924,0.999149,1
03-01-03-01-01-02-01.wav,aac,128,0.003004,0.99999,1
03-01-03-01-01-02-01.wav,opus,32,0.014218,0.998689,1
03-01-03-01-01-02-01.wav,opus,64,0.012228,0.999395,1
03-01-03-01-01-02-01.wav,opus,128,0.007351,0.99986,1
03-01-03-01-01-02-01.wav,mp3,64,0.008851,0.999694,1
03-01-03-01-01-02-01.wav,mp3,128,0.007915,0.999992,1
03-01-03-01-01-02-01.wav,mp3,256,0.002373,1.0,1
03-01-03-01-02-01-01.wav,aac,32,0.015644,0.993667,0
03-01-03-01-02-01-01.wav,aac,64,0.010123,0.999202,1
03-01-03-01-02-01-01.wav,aac,128,0.002458,0.999977,1
03-01-03-01-02-01-01.wav,opus,32,0.016179,0.996942,1
03-01-03-01-02-01-01.wav,opus,64,0.006891,0.999008,1
03-01-03-01-02-01-01.wav,opus,128,0.004218,0.999857,1
03-01-03-01-02-01-01.wav,mp3,64,0.007064,0.999728,1
03-01-03-01-02-01-01.wav,mp3,128,0.006993,0.999992,1
03-01-03-01-02-01-01.wav,mp3,256,0.002095,1.0,1
03-01-03-01-02-02-01.wav,aac,32,0.013476,0.992116,1
03-01-03-01-02-02-01.wav,aac,64,0.008378,0.999564,1
03-01-03-01-02-02-01.wav,aac,128,0.003407,0.999983,1
03-01-03-01-02-02-01.wav,opus,32,0.017924,0.996411,1
03-01-03-01-02-02-01.wav,opus,64,0.01094,0.999312,1
03-01-03-01-02-02-01.wav,opus,128,0.007503,0.999874,1
03-01-03-01-02-02-01.wav,mp3,64,0.009086,0.999631,1
03-01-03-01-02-02-01.wav,mp3,128,0.007321,0.999994,1
03-01-03-01-02-02-01.wav,mp3,256,0.002851,1.0,1
03-01-03-02-01-01-01.wav,aac,32,0.015742,0.990663,1
03-01-03-02-01-01-01.wav,aac,64,0.008262,0.998634,1
03-01-03-02-01-01-01.wav,aac,128,0.004176,0.999994,1
03-01-03-02-01-01-01.wav,opus,32,0.017273,0.996623,1
03-01-03-02-01-01-01.wav,opus,64,0.014476,0.999571,1
03-01-03-02-01-01-01.wav,opus,128,0.010017,0.999836,1
03-01-03-02-01-01-01.wav,mp3,64,0.00839,0.999623,1
03-01-03-02-01-01-01.wav,mp3,128,0.00883,0.999989,1
03-01-03-02-01-01-01.wav,mp3,256,0.004069,1.0,1
03-01-03-02-01-02-01.wav,aac,32,0.02104,0.9834,1
03-01-03-02-01-02-01.wav,aac,64,0.011338,0.999337,1
03-01-03-02-01-02-01.wav,aac,128,0.003601,0.999961,1
03-01-03-02-01-02-01.wav,opus,32,0.019406,0.999258,1
03-01-03-02-01-02-01.wav,opus,64,0.018082,0.999577,1
03-01-03-02-01-02-01.wav,opus,128,0.012108,0.99994,1
03-01-03-02-01-02-01.wav,mp3,64,0.011456,0.9989,1
03-01-03-02-01-02-01.wav,mp3,128,0.008768,0.999985,1
03-01-03-02-01-02-01.wav,mp3,256,0.003494,1.0,1
03-01-03-02-02-01-01.wav,aac,32,0.030984,0.993922,1
03-01-03-02-02-01-01.wav,aac,64,0.016209,0.999031,1
03-01-03-02-02-01-01.wav,aac,128,0.006162,0.99998,1
03-01-03-02-02-01-01.wav,opus,32,0.024886,0.999156,1
03-01-03-02-02-01-01.wav,opus,64,0.025836,0.999806,1
03-01-03-02-02-01-01.wav,opus,128,0.018806,0.999865,1
03-01-03-02-02-01-01.wav,mp3,64,0.014108,0.999545,1
03-01-03-02-02-01-01.wav,mp3,128,0.010452,0.999992,1
03-01-03-02-02-01-01.wav,mp3,256,0.004481,1.0,1
03-01-03-02-02-02-01.wav,aac,32,0.027639,0.994345,1
03-01-03-02-02-02-01.wav,aac,64,0.016695,0.998559,1
03-01-03-02-02-02-01.wav,aac,128,0.007624,0.999958,1
03-01-03-02-02-02-01.wav,opus,32,0.026635,0.998924,1
03-01-03-02-02-02-01.wav,opus,64,0.025995,0.9994,1
03-01-03-02-02-02-01.wav,opus,128,0.017787,0.999862,1
03-01-03-02-02-02-01.wav,mp3,64,0.014477,0.999449,1
03-01-03-02-02-02-01.wav,mp3,128,0.0108,0.999991,1
03-01-03-02-02-02-01.wav,mp3,256,0.005688,1.0,1
03-01-04-01-01-01-01.wav,aac,32,0.01883,0.98487,1
03-01-04-01-01-01-01.wav,aac,64,0.010464,0.999499,1
03-01-04-01-01-01-01.wav,aac,128,0.004415,0.999974,1
03-01-04-01-01-01-01.wav,opus,32,0.017888,0.993688,1
03-01-04-01-01-01-01.wav,opus,64,0.011109,0.999367,1
03-01-04-01-01-01-01.wav,opus,128,0.007295,0.999926,1
03-01-04-01-01-01-01.wav,mp3,64,0.008227,0.999133,1
03-01-04-01-01-01-01.wav,mp3,128,0.007449,0.999992,1
03-01-04-01-01-01-01.wav,mp3,256,0.003283,1.0,1
03-01-04-01-01-02-01.wav,aac,32,0.013849,0.985944,0
03-01-04-01-01-02-01.wav,aac,64,0.005036,0.999627,0
03-01-04-01-01-02-01.wav,aac,128,0.003587,0.99996,0
03-01-04-01-01-02-01.wav,opus,32,0.013576,0.995755,0
03-01-04-01-01-02-01.wav,opus,64,0.007952,0.999574,0
03-01-04-01-01-02-01.wav,opus,128,0.004545,0.999844,0
03-01-04-01-01-02-01.wav,mp3,64,0.006247,0.999674,0
03-01-04-01-01-02-01.wav,mp3,128,0.006443,0.999995,0
03-01-04-01-01-02-01.wav,mp3,256,0.002793,1.0,0
03-01-04-01-02-01-01.wav,aac,32,0.01218,0.997173,1
03-01-04-01-02-01-01.wav,aac,64,0.009012,0.999726,1
03-01-04-01-02-01-01.wav,aac,128,0.003658,0.999953,1
03-01-04-01-02-01-01.wav,opus,32,0.01168,0.996383,1
03-01-04-01-02-01-01.wav,opus,64,0.007663,0.999696,1
03-01-04-01-02-01-01.wav,opus,128,0.004627,0.999926,1
03-01-04-01-02-01-01.wav,mp3,64,0.006331,0.999675,1
03-01-04-01-02-01-01.wav,mp3,128,0.006453,0.999997,1
03-01-04-01-02-01-01.wav,mp3,256,0.002753,1.0,1
03-01-04-01-02-02-01.wav,aac,32,0.011671,0.991072,0
03-01-04-01-02-02-01.wav,aac,64,0.006907,0.998817,0
03-01-04-01-02-02-01.wav,aac,128,0.002957,0.999969,0
03-01-04-01-02-02-01.wav,opus,32,0.011771,0.993225,0
03-01-04-01-02-02-01.wav,opus,64,0.00831,0.999365,0
03-01-04-01-02-02-01.wav,opus,128,0.003982,0.99993,0
03-01-04-01-02-02-01.wav,mp3,64,0.006358,0.999664,0
03-01-04-01-02-02-01.wav,mp3,128,0.006432,0.999993,0
03-01-04-01-02-02-01.wav,mp3,256,0.002669,1.0,0
03-01-04-02-01-01-01.wav,aac,32,0.020594,0.995105,1
03-01-04-02-01-01-01.wav,aac,64,0.02619,0.957296,1
03-01-04-02-01-01-01.wav,aac,128,0.003956,0.999956,1
03-01-04-02-01-01-01.wav,opus,32,0.0184,0.998196,1
03-01-04-02-01-01-01.wav,opus,64,0.010261,0.999489,1
03-01-04-02-01-01-01.wav,opus,128,0.005995,0.999943,1
03-01-04-02-01-01-01.wav,mp3,64,0.00692,0.999596,1
03-01-04-02-01-01-01.wav,mp3,128,0.00711,0.999997,1
03-01-04-02-01-01-01.wav,mp3,256,0.003518,1.0,1
03-01-04-02-01-02-01.wav,aac,32,0.021371,0.993156,0
03-01-04-02-01-02-01.wav,aac,64,0.011493,0.999383,1
03-01-04-02-01-02-01.wav,aac,128,0.00421,0.999987,1
03-01-04-02-01-02-01.wav,opus,32,0.019688,0.99842,0
03-01-04-02-01-02-01.wav,opus,64,0.0147,0.999712,1
03-01-04-02-01-02-01.wav,opus,128,0.010676,0.999924,1
03-01-04-02-01-02-01.wav,mp3,64,0.012258,0.999597,1
03-01-04-02-01-02-01.wav,mp3,128,0.00784,0.999978,1
03-01-04-02-01-02-01.wav,mp3,256,0.003795,1.0,1
03-01-04-02-02-01-01.wav,aac,32,0.021387,0.993667,0
03-01-04-02-02-01-01.wav,aac,64,0.011052,0.998895,0
03-01-04-02-02-01-01.wav,aac,128,0.003737,0.999989,1
03-01-04-02-02-01-01.wav,opus,32,0.020339,0.998145,0
03-01-04-02-02-01-01.wav,opus,64,0.015076,0.999776,0
03-01-04-02-02-01-01.wav,opus,128,0.01038,0.999901,0
03-01-04-02-02-01-01.wav,mp3,64,0.012339,0.999519,0
03-01-04-02-02-01-01.wav,mp3,128,0.008185,0.999997,1
03-01-04-02-02-01-01.wav,mp3,256,0.003106,1.0,1
03-01-04-02-02-02-01.wav,aac,32,0.019149,0.995568,0
03-01-04-02-02-02-01.wav,aac,64,0.012169,0.999065,0
03-01-04-02-02-02-01.wav,aac,128,0.004933,0.999989,0
03-01-04-02-02-02-01.wav,opus,32,0.020733,0.997153,0
03-01-04-02-02-02-01.wav,opus,64,0.016119,0.999637,0
03-01-04-02-02-02-01.wav,opus,128,0.010042,0.999872,0
03-01-04-02-02-02-01.wav,mp3,64,0.011667,0.999429,0
03-01-04-02-02-02-01.wav,mp3,128,0.00856,0.999993,0
03-01-04-02-02-02-01.wav,mp3,256,0.003964,1.0,0
03-01-05-01-01-01-01.wav,aac,32,0.023914,0.991619,1
03-01-05-01-01-01-01.wav,aac,64,0.013807,0.998589,1
03-01-05-01-01-01-01.wav,aac,128,0.005817,0.99999,1
03-01-05-01-01-01-01.wav,opus,32,0.019595,0.997944,1
03-01-05-01-01-01-01.wav,opus,64,0.013554,0.999375,1
03-01-05-01-01-01-01.wav,opus,128,0.008426,0.999843,1
03-01-05-01-01-01-01.wav,mp3,64,0.009687,0.99901,1
03-01-05-01-01-01-01.wav,mp3,128,0.009977,0.999987,1
03-01-05-01-01-01-01.wav,mp3,256,0.005044,1.0,1
03-01-05-01-01-02-01.wav,aac,32,0.03298,0.987685,1
03-01-05-01-01-02-01.wav,aac,64,0.017582,0.998858,1
03-01-05-01-01-02-01.wav,aac,128,0.007804,0.999974,1
03-01-05-01-01-02-01.wav,opus,32,0.023409,0.998861,1
03-01-05-01-01-02-01.wav,opus,64,0.019079,0.999642,1
03-01-05-01-01-02-01.wav,opus,128,0.014,0.999898,1
03-01-05-01-01-02-01.wav,mp3,64,0.0152,0.998888,1
03-01-05-01-01-02-01.wav,mp3,128,0.011137,0.999983,1
03-01-05-01-01-02-01.wav,mp3,256,0.005822,0.999999,1
03-01-05-01-02-01-01.wav,aac,32,0.017064,0.993683,1
03-01-05-01-02-01-01.wav,aac,64,0.008533,0.997694,1
03-01-05-01-02-01-01.wav,aac,128,0.004311,0.99999,1
03-01-05-01-02-01-01.wav,opus,32,0.017615,0.999188,1
03-01-05-01-02-01-01.wav,opus,64,0.012367,0.999554,1
03-01-05-01-02-01-01.wav,opus,128,0.008486,0.999821,1
03-01-05-01-02-01-01.wav,mp3,64,0.009663,0.999704,1
03-01-05-01-02-01-01.wav,mp3,128,0.008811,0.99999,1
03-01-05-01-02-01-01.wav,mp3,256,0.003698,1.0,1
03-01-05-01-02-02-01.wav,aac,32,0.024979,0.990665,1
03-01-05-01-02-02-01.wav,aac,64,0.010804,0.988679,1
03-01-05-01-02-02-01.wav,aac,128,0.005801,0.999948,1
03-01-05-01-02-02-01.wav,opus,32,0.019156,0.999399,1
03-01-05-01-02-02-01.wav,opus,64,0.015373,0.999717,1
03-01-05-01-02-02-01.wav,opus,128,0.010328,0.999878,1
03-01-05-01-02-02-01.wav,mp3,64,0.011476,0.998991,1
03-01-05-01-02-02-01.wav,mp3,128,0.009797,0.999994,1
03-01-05-01-02-02-01.wav,mp3,256,0.004563,1.0,1
03-01-05-02-01-01-01.wav,aac,32,0.030307,0.985766,1
03-01-05-02-01-01-01.wav,aac,64,0.016406,0.99943,1
03-01-05-02-01-01-01.wav,aac,128,0.011534,0.999979,1
03-01-05-02-01-01-01.wav,opus,32,0.030015,0.999529,1
03-01-05-02-01-01-01.wav,opus,64,0.015819,0.99983,1
03-01-05-02-01-01-01.wav,opus,128,0.012593,0.999947,1
03-01-05-02-01-01-01.wav,mp3,64,0.020921,0.999686,1
03-01-05-02-01-01-01.wav,mp3,128,0.021801,0.999972,1
03-01-05-02-01-01-01.wav,mp3,256,0.011148,1.0,1
03-01-05-02-01-02-01.wav,aac,32,0.038922,0.980122,1
03-01-05-02-01-02-01.wav,aac,64,0.027261,0.999472,1
03-01-05-02-01-02-01.wav,aac,128,0.016292,0.999965,1
03-01-05-02-01-02-01.wav,opus,32,0.048991,0.999235,1
03-01-05-02-01-02-01.wav,opus,64,0.036476,0.999744,1
03-01-05-02-01-02-01.wav,opus,128,0.024832,0.999925,1
03-01-05-02-01-02-01.wav,mp3,64,0.018614,0.999657,1
03-01-05-02-01-02-01.wav,mp3,128,0.019905,0.999993,1
03-01-05-02-01-02-01.wav,mp3,256,0.014503,1.0,1
03-01-05-02-02-01-01.wav,aac,32,0.033965,0.992543,1
03-01-05-02-02-01-01.wav,aac,64,0.014917,0.999606,1
03-01-05-02-02-01-01.wav,aac,128,0.011332,0.999958,1
03-01-05-02-02-01-01.wav,opus,32,0.03642,0.998724,1
03-01-05-02-02-01-01.wav,opus,64,0.020583,0.99976,1
03-01-05-02-02-01-01.wav,opus,128,0.013757,0.999903,1
03-01-05-02-02-01-01.wav,mp3,64,0.014082,0.999722,1
03-01-05-02-02-01-01.wav,mp3,128,0.015606,0.999984,1
03-01-05-02-02-01-01.wav,mp3,256,0.009735,0.999999,1
03-01-05-02-02-02-01.wav,aac,32,0.045881,0.996395,1
03-01-05-02-02-02-01.wav,aac,64,0.048414,0.986884,1
03-01-05-02-02-02-01.wav,aac,128,0.031538,0.999451,1
03-01-05-02-02-02-01.wav,opus,32,0.03351,0.999479,0
03-01-05-02-02-02-01.wav,opus,64,0.022309,0.999734,1
03-01-05-02-02-02-01.wav,opus,128,0.016863,0.999906,1
03-01-05-02-02-02-01.wav,mp3,64,0.051521,0.999427,0
03-01-05-02-02-02-01.wav,mp3,128,0.049405,0.999988,0
03-01-05-02-02-02-01.wav,mp3,256,0.0139,0.999999,1
03-01-06-01-01-01-01.wav,aac,32,0.013254,0.996675,0
03-01-06-01-01-01-01.wav,aac,64,0.005661,0.99965,1
03-01-06-01-01-01-01.wav,aac,128,0.004494,0.999989,1
03-01-06-01-01-01-01.wav,opus,32,0.015298,0.997939,1
03-01-06-01-01-01-01.wav,opus,64,0.009704,0.999533,1
03-01-06-01-01-01-01.wav,opus,128,0.006205,0.999823,1
03-01-06-01-01-01-01.wav,mp3,64,0.007345,0.99916,1
03-01-06-01-01-01-01.wav,mp3,128,0.008656,0.999983,1
03-01-06-01-01-01-01.wav,mp3,256,0.00423,1.0,1
03-01-06-01-01-02-01.wav,aac,32,0.018375,0.994869,0
03-01-06-01-01-02-01.wav,aac,64,0.007471,0.999149,1
03-01-06-01-01-02-01.wav,aac,128,0.004575,0.999991,1
03-01-06-01-01-02-01.wav,opus,32,0.018072,0.998644,1
03-01-06-01-01-02-01.wav,opus,64,0.015213,0.999717,1
03-01-06-01-01-02-01.wav,opus,128,0.010035,0.999904,1
03-01-06-01-01-02-01.wav,mp3,64,0.010217,0.999746,1
03-01-06-01-01-02-01.wav,mp3,128,0.008354,0.999996,1
03-01-06-01-01-02-01.wav,mp3,256,0.004006,1.0,1
03-01-06-01-02-01-01.wav,aac,32,0.011006,0.981966,1
03-01-06-01-02-01-01.wav,aac,64,0.006442,0.999588,1
03-01-06-01-02-01-01.wav,aac,128,0.003899,0.999928,1
03-01-06-01-02-01-01.wav,opus,32,0.014338,0.997159,1
03-01-06-01-02-01-01.wav,opus,64,0.007843,0.999681,1
03-01-06-01-02-01-01.wav,opus,128,0.005179,0.999877,1
03-01-06-01-02-01-01.wav,mp3,64,0.007749,0.999455,1
03-01-06-01-02-01-01.wav,mp3,128,0.007967,0.999993,1
03-01-06-01-02-01-01.wav,mp3,256,0.0034,1.0,1
03-01-06-01-02-02-01.wav,aac,32,0.01607,0.99103,0
03-01-06-01-02-02-01.wav,aac,64,0.008124,0.987721,1
03-01-06-01-02-02-01.wav,aac,128,0.004319,0.99998,1
03-01-06-01-02-02-01.wav,opus,32,0.017078,0.995385,1
03-01-06-01-02-02-01.wav,opus,64,0.009351,0.999575,1
03-01-06-01-02-02-01.wav,opus,128,0.006015,0.999799,1
03-01-06-01-02-02-01.wav,mp3,64,0.007392,0.999461,1
03-01-06-01-02-02-01.wav,mp3,128,0.007882,0.999985,1
03-01-06-01-02-02-01.wav,mp3,256,0.004354,1.0,1
03-01-06-02-01-01-01.wav,aac,32,0.039738,0.994921,1
03-01-06-02-01-01-01.wav,aac,64,0.020166,0.999246,1
03-01-06-02-01-01-01.wav,aac,128,0.012376,0.999934,1
03-01-06-02-01-01-01.wav,opus,32,0.048851,0.999471,1
03-01-06-02-01-01-01.wav,opus,64,0.022627,0.999605,1
03-01-06-02-01-01-01.wav,opus,128,0.014889,0.999885,1
03-01-06-02-01-01-01.wav,mp3,64,0.012123,0.999531,1
03-01-06-02-01-01-01.wav,mp3,128,0.015919,0.999991,1
03-01-06-02-01-01-01.wav,mp3,256,0.010198,1.0,1
03-01-06-02-01-02-01.wav,aac,32,0.041623,0.999562,1
03-01-06-02-01-02-01.wav,aac,64,0.020627,0.999877,1
03-01-06-02-01-02-01.wav,aac,128,0.010086,0.999989,1
03-01-06-02-01-02-01.wav,opus,32,0.03665,0.999549,1
03-01-06-02-01-02-01.wav,opus,64,0.020804,0.99971,1
03-01-06-02-01-02-01.wav,opus,128,0.013434,0.99996,1
03-01-06-02-01-02-01.wav,mp3,64,0.011889,0.999863,1
03-01-06-02-01-02-01.wav,mp3,128,0.014466,0.999996,1
03-01-06-02-01-02-01.wav,mp3,256,0.007816,1.0,1
03-01-06-02-02-01-01.wav,aac,32,0.043459,0.992943,1
03-01-06-02-02-01-01.wav,aac,64,0.022925,0.99973,1
03-01-06-02-02-01-01.wav,aac,128,0.012193,0.999978,1
03-01-06-02-02-01-01.wav,opus,32,0.043762,0.999461,1
03-01-06-02-02-01-01.wav,opus,64,0.024232,0.999866,1
03-01-06-02-02-01-01.wav,opus,128,0.016188,0.999962,1
03-01-06-02-02-01-01.wav,mp3,64,0.017126,0.999742,1
03-01-06-02-02-01-01.wav,mp3,128,0.016518,0.999995,1
03-01-06-02-02-01-01.wav,mp3,256,0.008997,1.0,1
03-01-06-02-02-02-01.wav,aac,32,0.034784,0.975273,1
03-01-06-02-02-02-01.wav,aac,64,0.015594,0.999351,1
03-01-06-02-02-02-01.wav,aac,128,0.008745,0.999969,1
03-01-06-02-02-02-01.wav,opus,32,0.035004,0.999112,1
03-01-06-02-02-02-01.wav,opus,64,0.024527,0.999554,1
03-01-06-02-02-02-01.wav,opus,128,0.015493,0.999921,1
03-01-06-02-02-02-01.wav,mp3,64,0.013434,0.99965,1
03-01-06-02-02-02-01.wav,mp3,128,0.01351,0.999991,1
03-01-06-02-02-02-01.wav,mp3,256,0.008184,0.999999,1
03-01-07-01-01-01-01.wav,aac,32,0.017626,0.997771,1
03-01-07-01-01-01-01.wav,aac,64,0.011755,0.999778,1
03-01-07-01-01-01-01.wav,aac,128,0.00408,0.999981,1
03-01-07-01-01-01-01.wav,opus,32,0.023642,0.999052,1
03-01-07-01-01-01-01.wav,opus,64,0.013314,0.999711,1
03-01-07-01-01-01-01.wav,opus,128,0.007755,0.99995,1
03-01-07-01-01-01-01.wav,mp3,64,0.007784,0.999763,1
03-01-07-01-01-01-01.wav,mp3,128,0.007697,0.999997,1
03-01-07-01-01-01-01.wav,mp3,256,0.003407,1.0,1
03-01-07-01-01-02-01.wav,aac,32,0.009846,0.99415,1
03-01-07-01-01-02-01.wav,aac,64,0.010234,0.999006,1
03-01-07-01-01-02-01.wav,aac,128,0.004487,0.999991,1
03-01-07-01-01-02-01.wav,opus,32,0.023301,0.999485,1
03-01-07-01-01-02-01.wav,opus,64,0.010663,0.999711,1
03-01-07-01-01-02-01.wav,opus,128,0.007568,0.999862,1
03-01-07-01-01-02-01.wav,mp3,64,0.006678,0.999662,1
03-01-07-01-01-02-01.wav,mp3,128,0.008305,0.999996,1
03-01-07-01-01-02-01.wav,mp3,256,0.004301,1.0,1
03-01-07-01-02-01-01.wav,aac,32,0.024408,0.988515,1
03-01-07-01-02-01-01.wav,aac,64,0.015212,0.998337,1
03-01-07-01-02-01-01.wav,aac,128,0.004777,0.999971,1
03-01-07-01-02-01-01.wav,opus,32,0.018967,0.995017,0
03-01-07-01-02-01-01.wav,opus,64,0.013063,0.999193,0
03-01-07-01-02-01-01.wav,opus,128,0.008067,0.999802,1
03-01-07-01-02-01-01.wav,mp3,64,0.00934,0.999249,1
03-01-07-01-02-01-01.wav,mp3,128,0.006982,0.999987,1
03-01-07-01-02-01-01.wav,mp3,256,0.004095,1.0,1
03-01-07-01-02-02-01.wav,aac,32,0.011932,0.997017,1
03-01-07-01-02-02-01.wav,aac,64,0.005728,0.999386,1
03-01-07-01-02-02-01.wav,aac,128,0.003433,0.999973,1
03-01-07-01-02-02-01.wav,opus,32,0.017619,0.995047,1
03-01-07-01-02-02-01.wav,opus,64,0.00892,0.999706,1
03-01-07-01-02-02-01.wav,opus,128,0.00541,0.999732,1
03-01-07-01-02-02-01.wav,mp3,64,0.007419,0.999582,1
03-01-07-01-02-02-01.wav,mp3,128,0.007826,0.999992,1
03-01-07-01-02-02-01.wav,mp3,256,0.003323,1.0,1
03-01-07-02-01-01-01.wav,aac,32,0.022813,0.999261,1
03-01-07-02-01-01-01.wav,aac,64,0.018747,0.999579,1
03-01-07-02-01-01-01.wav,aac,128,0.007231,0.999998,1
03-01-07-02-01-01-01.wav,opus,32,0.034963,0.999469,1
03-01-07-02-01-01-01.wav,opus,64,0.022936,0.999924,1
03-01-07-02-01-01-01.wav,opus,128,0.014527,0.999973,1
03-01-07-02-01-01-01.wav,mp3,64,0.010688,0.999854,1
03-01-07-02-01-01-01.wav,mp3,128,0.011881,0.999996,1
03-01-07-02-01-01-01.wav,mp3,256,0.006855,1.0,1
03-01-07-02-01-02-01.wav,aac,32,0.022013,0.996807,1
03-01-07-02-01-02-01.wav,aac,64,0.013256,0.999735,1
03-01-07-02-01-02-01.wav,aac,128,0.007346,0.999997,1
03-01-07-02-01-02-01.wav,opus,32,0.032677,0.999736,1
03-01-07-02-01-02-01.wav,opus,64,0.025505,0.999909,1
03-01-07-02-01-02-01.wav,opus,128,0.015842,0.999978,1
03-01-07-02-01-02-01.wav,mp3,64,0.012424,0.99985,1
03-01-07-02-01-02-01.wav,mp3,128,0.01157,0.999997,1
03-01-07-02-01-02-01.wav,mp3,256,0.006376,1.0,1
03-01-07-02-02-01-01.wav,aac,32,0.03116,0.994252,1
03-01-07-02-02-01-01.wav,aac,64,0.018654,0.999052,1
03-01-07-02-02-01-01.wav,aac,128,0.00796,0.999994,1
03-01-07-02-02-01-01.wav,opus,32,0.032473,0.998961,1
03-01-07-02-02-01-01.wav,opus,64,0.028679,0.999589,1
03-01-07-02-02-01-01.wav,opus,128,0.018331,0.999855,1
03-01-07-02-02-01-01.wav,mp3,64,0.013036,0.99961,1
03-01-07-02-02-01-01.wav,mp3,128,0.010848,0.999989,1
03-01-07-02-02-01-01.wav,mp3,256,0.006537,1.0,1
03-01-07-02-02-02-01.wav,aac,32,0.026864,0.997873,1
03-01-07-02-02-02-01.wav,aac,64,0.013605,0.99981,1
03-01-07-02-02-02-01.wav,aac,128,0.006791,0.999997,1
03-01-07-02-02-02-01.wav,opus,32,0.028949,0.999802,1
03-01-07-02-02-02-01.wav,opus,64,0.027178,0.999924,1
03-01-07-02-02-02-01.wav,opus,128,0.019006,0.99998,1
03-01-07-02-02-02-01.wav,mp3,64,0.013068,0.999867,1
03-01-07-02-02-02-01.wav,mp3,128,0.011186,0.999997,1
03-01-07-02-02-02-01.wav,mp3,256,0.005723,1.0,1
03-01-08-01-01-01-01.wav,aac,32,0.010741,0.992169,1
03-01-08-01-01-01-01.wav,aac,64,0.006474,0.999491,1
03-01-08-01-01-01-01.wav,aac,128,0.003152,0.999985,1
03-01-08-01-01-01-01.wav,opus,32,0.016306,0.998263,1
03-01-08-01-01-01-01.wav,opus,64,0.012204,0.999419,1
03-01-08-01-01-01-01.wav,opus,128,0.00777,0.999905,1
03-01-08-01-01-01-01.wav,mp3,64,0.010919,0.999341,1
03-01-08-01-01-01-01.wav,mp3,128,0.007094,0.999989,1
03-01-08-01-01-01-01.wav,mp3,256,0.002638,1.0,1
03-01-08-01-01-02-01.wav,aac,32,0.009745,0.990153,0
03-01-08-01-01-02-01.wav,aac,64,0.00605,0.999154,0
03-01-08-01-01-02-01.wav,aac,128,0.002951,0.999967,1
03-01-08-01-01-02-01.wav,opus,32,0.010887,0.997756,0
03-01-08-01-01-02-01.wav,opus,64,0.006911,0.999423,1
03-01-08-01-01-02-01.wav,opus,128,0.00447,0.999864,1
03-01-08-01-01-02-01.wav,mp3,64,0.009608,0.999259,0
03-01-08-01-01-02-01.wav,mp3,128,0.007256,0.99999,0
03-01-08-01-01-02-01.wav,mp3,256,0.00264,0.999999,0
03-01-08-01-02-01-01.wav,aac,32,0.01429,0.991642,1
03-01-08-01-02-01-01.wav,aac,64,0.008715,0.999082,1
03-01-08-01-02-01-01.wav,aac,128,0.003151,0.999982,1
03-01-08-01-02-01-01.wav,opus,32,0.016234,0.997921,0
03-01-08-01-02-01-01.wav,opus,64,0.011112,0.999423,1
03-01-08-01-02-01-01.wav,opus,128,0.006997,0.999733,1
03-01-08-01-02-01-01.wav,mp3,64,0.008972,0.998948,1
03-01-08-01-02-01-01.wav,mp3,128,0.007606,0.99999,1
03-01-08-01-02-01-01.wav,mp3,256,0.002929,1.0,1
03-01-08-01-02-02-01.wav,aac,32,0.06805,0.994888,0
03-01-08-01-02-02-01.wav,aac,64,0.010093,0.996389,0
03-01-08-01-02-02-01.wav,aac,128,0.003248,0.999984,0
03-01-08-01-02-02-01.wav,opus,32,0.013239,0.998138,0
03-01-08-01-02-02-01.wav,opus,64,0.011507,0.996395,0
03-01-08-01-02-02-01.wav,opus,128,0.006359,0.999256,0
03-01-08-01-02-02-01.wav,mp3,64,0.0089,0.999543,0
03-01-08-01-02-02-01.wav,mp3,128,0.007349,0.999987,0
03-01-08-01-02-02-01.wav,mp3,256,0.002119,1.0,1
03-01-08-02-01-01-01.wav,aac,32,0.015307,0.993917,1
03-01-08-02-01-01-01.wav,aac,64,0.007982,0.998625,1
03-01-08-02-01-01-01.wav,aac,128,0.004333,0.999974,1
03-01-08-02-01-01-01.wav,opus,32,0.016434,0.998517,1
03-01-08-02-01-01-01.wav,opus,64,0.015373,0.999056,1
03-01-08-02-01-01-01.wav,opus,128,0.010746,0.999761,1
03-01-08-02-01-01-01.wav,mp3,64,0.011852,0.999113,1
03-01-08-02-01-01-01.wav,mp3,128,0.008607,0.99999,1
03-01-08-02-01-01-01.wav,mp3,256,0.003627,1.0,1
03-01-08-02-01-02-01.wav,aac,32,0.016398,0.987912,1
03-01-08-02-01-02-01.wav,aac,64,0.008239,0.998954,1
03-01-08-02-01-02-01.wav,aac,128,0.005423,0.999937,1
03-01-08-02-01-02-01.wav,opus,32,0.016526,0.999449,1
03-01-08-02-01-02-01.wav,opus,64,0.013816,0.999646,1
03-01-08-02-01-02-01.wav,opus,128,0.010143,0.99993,1
03-01-08-02-01-02-01.wav,mp3,64,0.010967,0.999525,1
03-01-08-02-01-02-01.wav,mp3,128,0.009556,0.999984,1
03-01-08-02-01-02-01.wav,mp3,256,0.004474,1.0,1
03-01-08-02-02-01-01.wav,aac,32,0.017242,0.993696,0
03-01-08-02-02-01-01.wav,aac,64,0.010769,0.998946,0
03-01-08-02-02-01-01.wav,aac,128,0.005504,0.999992,1
03-01-08-02-02-01-01.wav,opus,32,0.020356,0.998002,0
03-01-08-02-02-01-01.wav,opus,64,0.017254,0.999234,0
03-01-08-02-02-01-01.wav,opus,128,0.011836,0.999867,0
03-01-08-02-02-01-01.wav,mp3,64,0.011441,0.9994,0
03-01-08-02-02-01-01.wav,mp3,128,0.008568,0.999985,1
03-01-08-02-02-01-01.wav,mp3,256,0.004511,1.0,1
03-01-08-02-02-02-01.wav,aac,32,0.02082,0.988165,0
03-01-08-02-02-02-01.wav,aac,64,0.006989,0.999114,1
03-01-08-02-02-02-01.wav,aac,128,0.003988,0.999957,1
03-01-08-02-02-02-01.wav,opus,32,0.015597,0.998876,1
03-01-08-02-02-02-01.wav,opus,64,0.016003,0.999257,1
03-01-08-02-02-02-01.wav,opus,128,0.010865,0.999918,1
03-01-08-02-02-02-01.wav,mp3,64,0.009029,0.99947,1
03-01-08-02-02-02-01.wav,mp3,128,0.00868,0.999982,1
03-01-08-02-02-02-01.wav,mp3,256,0.003944,1.0,1
03-01-01-01-01-01-02.wav,aac,32,0.015798,0.994688,1
03-01-01-01-01-01-02.wav,aac,64,0.008231,0.999467,1
03-01-01-01-01-01-02.wav,aac,128,0.00504,0.99999,1
03-01-01-01-01-01-02.wav,opus,32,0.012265,0.998495,1
03-01-01-01-01-01-02.wav,opus,64,0.006029,0.9996,1
03-01-01-01-01-01-02.wav,opus,128,0.005031,0.99992,1
03-01-01-01-01-01-02.wav,mp3,64,0.007717,0.999683,1
03-01-01-01-01-01-02.wav,mp3,128,0.008437,0.999988,1
03-01-01-01-01-01-02.wav,mp3,256,0.004972,1.0,1
03-01-01-01-01-02-02.wav,aac,32,0.022604,0.993527,1
03-01-01-01-01-02-02.wav,aac,64,0.009235,0.99884,1
03-01-01-01-01-02-02.wav,aac,128,0.004989,0.999987,1
03-01-01-01-01-02-02.wav,opus,32,0.011698,0.998893,1
03-01-01-01-01-02-02.wav,opus,64,0.005958,0.999703,1
03-01-01-01-01-02-02.wav,opus,128,0.005234,0.999946,1
03-01-01-01-01-02-02.wav,mp3,64,0.006113,0.99953,1
03-01-01-01-01-02-02.wav,mp3,128,0.008296,0.999993,1
03-01-01-01-01-02-02.wav,mp3,256,0.004908,1.0,1
03-01-01-01-02-01-02.wav,aac,32,0.020594,0.979801,1
03-01-01-01-02-01-02.wav,aac,64,0.010599,0.998599,1
03-01-01-01-02-01-02.wav,aac,128,0.004951,0.999993,1
03-01-01-01-02-01-02.wav,opus,32,0.014812,0.997471,1
03-01-01-01-02-01-02.wav,opus,64,0.006752,0.999045,1
03-01-01-01-02-01-02.wav,opus,128,0.005214,0.999827,1
03-01-01-01-02-01-02.wav,mp3,64,0.008354,0.999189,1
03-01-01-01-02-01-02.wav,mp3,128,0.008776,0.999985,1
03-01-01-01-02-01-02.wav,mp3,256,0.004979,1.0,1
03-01-01-01-02-02-02.wav,aac,32,0.026876,0.970976,1
03-01-01-01-02-02-02.wav,aac,64,0.012951,0.998561,1
03-01-01-01-02-02-02.wav,aac,128,0.006034,0.999974,1
03-01-01-01-02-02-02.wav,opus,32,0.013331,0.99755,1
03-01-01-01-02-02-02.wav,opus,64,0.009137,0.999021,1
03-01-01-01-02-02-02.wav,opus,128,0.006325,0.999824,1
03-01-01-01-02-02-02.wav,mp3,64,0.007897,0.999366,1
03-01-01-01-02-02-02.wav,mp3,128,0.008699,0.999987,1
03-01-01-01-02-02-02.wav,mp3,256,0.005519,1.0,1
03-01-02-01-01-01-02.wav,aac,32,0.023746,0.989382,1
03-01-02-01-01-01-02.wav,aac,64,0.011737,0.999415,1
03-01-02-01-01-01-02.wav,aac,128,0.004497,0.999991,1
03-01-02-01-01-01-02.wav,opus,32,0.013902,0.997373,1
03-01-02-01-01-01-02.wav,opus,64,0.006437,0.999591,1
03-01-02-01-01-01-02.wav,opus,128,0.004486,0.999931,1
03-01-02-01-01-01-02.wav,mp3,64,0.006685,0.999375,1
03-01-02-01-01-01-02.wav,mp3,128,0.007809,0.999997,1
03-01-02-01-01-01-02.wav,mp3,256,0.00423,1.0,1
03-01-02-01-01-02-02.wav,aac,32,0.021968,0.997191,0
03-01-02-01-01-02-02.wav,aac,64,0.010798,0.999786,0
03-01-02-01-01-02-02.wav,aac,128,0.004735,0.999989,0
03-01-02-01-01-02-02.wav,opus,32,0.019941,0.998895,0
03-01-02-01-01-02-02.wav,opus,64,0.008638,0.999869,0
03-01-02-01-01-02-02.wav,opus,128,0.005212,0.999977,0
03-01-02-01-01-02-02.wav,mp3,64,0.00695,0.999812,0
03-01-02-01-01-02-02.wav,mp3,128,0.00839,0.999998,0
03-01-02-01-01-02-02.wav,mp3,256,0.004687,1.0,0
03-01-02-01-02-01-02.wav,aac,32,0.0261,0.992403,1
03-01-02-01-02-01-02.wav,aac,64,0.015436,0.999419,1
03-01-02-01-02-01-02.wav,aac,128,0.006114,0.99999,1
03-01-02-01-02-01-02.wav,opus,32,0.020732,0.998152,1
03-01-02-01-02-01-02.wav,opus,64,0.010982,0.999723,1
03-01-02-01-02-01-02.wav,opus,128,0.006798,0.999958,1
03-01-02-01-02-01-02.wav,mp3,64,0.008775,0.999541,1
03-01-02-01-02-01-02.wav,mp3,128,0.008621,0.99999,1
03-01-02-01-02-01-02.wav,mp3,256,0.005725,1.0,1
03-01-02-01-02-02-02.wav,aac,32,0.024444,0.99314,1
03-01-02-01-02-02-02.wav,aac,64,0.014513,0.999455,1
03-01-02-01-02-02-02.wav,aac,128,0.006632,0.999985,1
03-01-02-01-02-02-02.wav,opus,32,0.02423,0.998354,1
03-01-02-01-02-02-02.wav,opus,64,0.013332,0.999744,1
03-01-02-01-02-02-02.wav,opus,128,0.008253,0.999929,1
03-01-02-01-02-02-02.wav,mp3,64,0.008886,0.999569,1
03-01-02-01-02-02-02.wav,mp3,128,0.008708,0.999996,1
03-01-02-01-02-02-02.wav,mp3,256,0.005845,1.0,1
03-01-02-02-01-01-02.wav,aac,32,0.023345,0.987965,0
03-01-02-02-01-01-02.wav,aac,64,0.012081,0.999725,1
03-01-02-02-01-01-02.wav,aac,128,0.004909,0.999997,1
03-01-02-02-01-01-02.wav,opus,32,0.022104,0.999435,0
03-01-02-02-01-01-02.wav,opus,64,0.010531,0.999868,1
03-01-02-02-01-01-02.wav,opus,128,0.005905,0.99998,1
03-01-02-02-01-01-02.wav,mp3,64,0.007078,0.999884,0
03-01-02-02-01-01-02.wav,mp3,128,0.008469,0.999998,0
03-01-02-02-01-01-02.wav,mp3,256,0.004432,1.0,0
03-01-02-02-01-02-02.wav,aac,32,0.021589,0.99484,0
03-01-02-02-01-02-02.wav,aac,64,0.011201,0.999696,0
03-01-02-02-01-02-02.wav,aac,128,0.005026,0.999992,1
03-01-02-02-01-02-02.wav,opus,32,0.020207,0.99837,0
03-01-02-02-01-02-02.wav,opus,64,0.010738,0.999496,0
03-01-02-02-01-02-02.wav,opus,128,0.006469,0.999921,1
03-01-02-02-01-02-02.wav,mp3,64,0.008058,0.999445,0
03-01-02-02-01-02-02.wav,mp3,128,0.008167,0.999984,1
03-01-02-02-01-02-02.wav,mp3,256,0.004805,1.0,1
03-01-02-02-02-01-02.wav,aac,32,0.024674,0.989205,1
03-01-02-02-02-01-02.wav,aac,64,0.016252,0.999385,1
03-01-02-02-02-01-02.wav,aac,128,0.00725,0.999983,1
03-01-02-02-02-01-02.wav,opus,32,0.025654,0.995704,1
03-01-02-02-02-01-02.wav,opus,64,0.013366,0.999487,1
03-01-02-02-02-01-02.wav,opus,128,0.008374,0.999908,1
03-01-02-02-02-01-02.wav,mp3,64,0.009637,0.999553,1
03-01-02-02-02-01-02.wav,mp3,128,0.009043,0.999989,1
03-01-02-02-02-01-02.wav,mp3,256,0.006435,0.999999,1
03-01-02-02-02-02-02.wav,aac,32,0.026091,0.983029,1
03-01-02-02-02-02-02.wav,aac,64,0.015257,0.999101,1
03-01-02-02-02-02-02.wav,aac,128,0.007406,0.999984,1
03-01-02-02-02-02-02.wav,opus,32,0.023767,0.997651,1
03-01-02-02-02-02-02.wav,opus,64,0.014412,0.999708,1
03-01-02-02-02-02-02.wav,opus,128,0.008912,0.999919,1
03-01-02-02-02-02-02.wav,mp3,64,0.00992,0.999696,1
03-01-02-02-02-02-02.wav,mp3,128,0.009122,0.999991,1
03-01-02-02-02-02-02.wav,mp3,256,0.00701,1.0,1
03-01-03-01-01-01-02.wav,aac,32,0.01876,0.990208,1
03-01-03-01-01-01-02.wav,aac,64,0.009238,0.999575,1
03-01-03-01-01-01-02.wav,aac,128,0.00477,0.999996,1
03-01-03-01-01-01-02.wav,opus,32,0.012738,0.99803,1
03-01-03-01-01-01-02.wav,opus,64,0.007017,0.999417,1
03-01-03-01-01-01-02.wav,opus,128,0.00504,0.99993,1
03-01-03-01-01-01-02.wav,mp3,64,0.007641,0.999159,1
03-01-03-01-01-01-02.wav,mp3,128,0.00893,0.999993,1
03-01-03-01-01-01-02.wav,mp3,256,0.004645,1.0,1
03-01-03-01-01-02-02.wav,aac,32,0.017913,0.980213,1
03-01-03-01-01-02-02.wav,aac,64,0.013131,0.99769,1
03-01-03-01-01-02-02.wav,aac,128,0.005284,0.999989,1
03-01-03-01-01-02-02.wav,opus,32,0.012951,0.997108,1
03-01-03-01-01-02-02.wav,opus,64,0.006837,0.999105,1
03-01-03-01-01-02-02.wav,opus,128,0.005407,0.999887,1
03-01-03-01-01-02-02.wav,mp3,64,0.00873,0.998957,1
03-01-03-01-01-02-02.wav,mp3,128,0.009214,0.999978,1
03-01-03-01-01-02-02.wav,mp3,256,0.005134,1.0,1
03-01-03-01-02-01-02.wav,aac,32,0.027093,0.984393,1
03-01-03-01-02-01-02.wav,aac,64,0.013096,0.998671,1
03-01-03-01-02-01-02.wav,aac,128,0.005516,0.999994,1
03-01-03-01-02-01-02.wav,opus,32,0.017299,0.998714,1
03-01-03-01-02-01-02.wav,opus,64,0.010097,0.999332,1
03-01-03-01-02-01-02.wav,opus,128,0.006243,0.999861,1
03-01-03-01-02-01-02.wav,mp3,64,0.008994,0.999182,1
03-01-03-01-02-01-02.wav,mp3,128,0.008965,0.999992,1
03-01-03-01-02-01-02.wav,mp3,256,0.005221,1.0,1
03-01-03-01-02-02-02.wav,aac,32,0.020454,0.970773,1
03-01-03-01-02-02-02.wav,aac,64,0.009185,0.998035,1
03-01-03-01-02-02-02.wav,aac,128,0.005029,0.99993,1
03-01-03-01-02-02-02.wav,opus,32,0.013843,0.998304,1
03-01-03-01-02-02-02.wav,opus,64,0.006893,0.999395,1
03-01-03-01-02-02-02.wav,opus,128,0.005408,0.999868,1
03-01-03-01-02-02-02.wav,mp3,64,0.008177,0.999466,1
03-01-03-01-02-02-02.wav,mp3,128,0.008884,0.999993,1
03-01-03-01-02-02-02.wav,mp3,256,0.004727,1.0,1
03-01-03-02-01-01-02.wav,aac,32,0.026501,0.997517,1
03-01-03-02-01-01-02.wav,aac,64,0.013606,0.999634,1
03-01-03-02-01-01-02.wav,aac,128,0.005424,0.999993,1
03-01-03-02-01-01-02.wav,opus,32,0.022832,0.998738,1
03-01-03-02-01-01-02.wav,opus,64,0.013557,0.999687,1
03-01-03-02-01-01-02.wav,opus,128,0.008243,0.999967,1
03-01-03-02-01-01-02.wav,mp3,64,0.01209,0.999528,1
03-01-03-02-01-01-02.wav,mp3,128,0.010746,0.999997,1
03-01-03-02-01-01-02.wav,mp3,256,0.005362,1.0,1
03-01-03-02-01-02-02.wav,aac,32,0.024959,0.991696,1
03-01-03-02-01-02-02.wav,aac,64,0.015432,0.997297,1
03-01-03-02-01-02-02.wav,aac,128,0.007221,0.999964,1
03-01-03-02-01-02-02.wav,opus,32,0.018699,0.998978,1
03-01-03-02-01-02-02.wav,opus,64,0.012039,0.998676,1
03-01-03-02-01-02-02.wav,opus,128,0.00806,0.999848,1
03-01-03-02-01-02-02.wav,mp3,64,0.013084,0.999272,1
03-01-03-02-01-02-02.wav,mp3,128,0.011588,0.999986,1
03-01-03-02-01-02-02.wav,mp3,256,0.007103,1.0,1
03-01-03-02-02-01-02.wav,aac,32,0.01633,0.972202,1
03-01-03-02-02-01-02.wav,aac,64,0.009558,0.999503,1
03-01-03-02-02-01-02.wav,aac,128,0.005023,0.999978,1
03-01-03-02-02-01-02.wav,opus,32,0.018562,0.998969,1
03-01-03-02-02-01-02.wav,opus,64,0.011083,0.999511,1
03-01-03-02-02-01-02.wav,opus,128,0.005861,0.999858,1
03-01-03-02-02-01-02.wav,mp3,64,0.011306,0.999492,1
03-01-03-02-02-01-02.wav,mp3,128,0.009599,0.999989,1
03-01-03-02-02-01-02.wav,mp3,256,0.004264,1.0,1
03-01-03-02-02-02-02.wav,aac,32,0.030781,0.990976,1
03-01-03-02-02-02-02.wav,aac,64,0.016945,0.998327,1
03-01-03-02-02-02-02.wav,aac,128,0.006765,0.999773,1
03-01-03-02-02-02-02.wav,opus,32,0.024836,0.997267,1
03-01-03-02-02-02-02.wav,opus,64,0.014339,0.999276,1
03-01-03-02-02-02-02.wav,opus,128,0.009462,0.999805,1
03-01-03-02-02-02-02.wav,mp3,64,0.012835,0.999274,1
03-01-03-02-02-02-02.wav,mp3,128,0.010301,0.999986,1
03-01-03-02-02-02-02.wav,mp3,256,0.006013,1.0,1
000000.mp4,aac,32,0.020385,0.999184,1
000000.mp4,aac,64,0.003306,0.999972,1
000000.mp4,aac,128,0.002436,0.999997,1
000000.mp4,opus,32,0.08396,0.999226,1
000000.mp4,opus,64,0.027716,0.999928,1
000000.mp4,opus,128,0.026373,0.999995,1
000000.mp4,mp3,64,0.16436,0.999987,1
000000.mp4,mp3,128,0.163977,0.999999,1
000000.mp4,mp3,256,0.163969,0.999999,1
000001.mp4,aac,32,0.021081,0.999374,1
000001.mp4,aac,64,0.002172,0.999997,1
000001.mp4,aac,128,0.001747,0.999999,1
000001.mp4,opus,32,0.070611,0.999849,1
000001.mp4,opus,64,0.02076,0.999987,1
000001.mp4,opus,128,0.020515,0.999998,1
000001.mp4,mp3,64,0.102983,0.999994,1
000001.mp4,mp3,128,0.102852,0.999999,1
000001.mp4,mp3,256,0.102861,0.999999,1
000002.mp4,aac,32,0.018886,0.999667,1
000002.mp4,aac,64,0.002001,0.999975,1
000002.mp4,aac,128,0.001745,0.999997,1
000002.mp4,opus,32,0.064619,0.999912,0
000002.mp4,opus,64,0.017963,0.999986,0
000002.mp4,opus,128,0.017749,0.999998,0
000002.mp4,mp3,64,0.085391,0.999994,0
000002.mp4,mp3,128,0.085419,0.999999,0
000002.mp4,mp3,256,0.085418,0.999999,0
000003.mp4,aac,32,0.020024,0.999666,1
000003.mp4,aac,64,0.002057,0.999975,1
000003.mp4,aac,128,0.001702,0.999997,1
000003.mp4,opus,32,0.068909,0.999875,0
000003.mp4,opus,64,0.020255,0.99998,0
000003.mp4,opus,128,0.02008,0.999998,0
000003.mp4,mp3,64,0.098353,0.999993,0
000003.mp4,mp3,128,0.098362,0.999999,0
000003.mp4,mp3,256,0.098368,0.999999,0
000004.mp4,aac,32,0.020015,0.999632,1
000004.mp4,aac,64,0.002334,0.999976,1
000004.mp4,aac,128,0.001979,0.999997,1
000004.mp4,opus,32,0.066742,0.999882,0
000004.mp4,opus,64,0.018562,0.999986,0
000004.mp4,opus,128,0.018343,0.999998,0
000004.mp4,mp3,64,0.088003,0.999994,0
000004.mp4,mp3,128,0.088068,0.999999,0
000004.mp4,mp3,256,0.088064,0.999999,0
000005.mp4,aac,32,0.01084,0.999314,1
000005.mp4,aac,64,0.003613,0.999928,1
000005.mp4,aac,128,0.002794,0.999962,1
000005.mp4,opus,32,0.058119,0.999577,1
000005.mp4,opus,64,0.018886,0.999866,1
000005.mp4,opus,128,0.018643,0.999995,1
000005.mp4,mp3,64,0.076654,0.999977,0
000005.mp4,mp3,128,0.076854,0.999999,0
000005.mp4,mp3,256,0.076844,0.999999,0
000006.mp4,aac,32,0.009449,0.998553,1
000006.mp4,aac,64,0.002066,0.999918,1
000006.mp4,aac,128,0.002142,0.99993,1
000006.mp4,opus,32,0.052855,0.999501,1
000006.mp4,opus,64,0.016234,0.999798,1
000006.mp4,opus,128,0.016222,0.999957,1
000006.mp4,mp3,64,0.066475,0.999982,0
000006.mp4,mp3,128,0.066599,0.999999,0
000006.mp4,mp3,256,0.066597,0.999999,0
000008.mp4,aac,32,0.00978,0.998797,1
000008.mp4,aac,64,0.002152,0.999918,1
000008.mp4,aac,128,0.002098,0.99993,1
000008.mp4,opus,32,0.052844,0.999627,1
000008.mp4,opus,64,0.016255,0.999798,1
000008.mp4,opus,128,0.016221,0.999957,1
000008.mp4,mp3,64,0.066386,0.999982,0
000008.mp4,mp3,128,0.066559,0.999999,0
000008.mp4,mp3,256,0.066557,0.999999,0
000009.mp4,aac,32,0.006484,0.998503,1
000009.mp4,aac,64,0.001789,0.999894,1
000009.mp4,aac,128,0.001507,0.999899,1
000009.mp4,opus,32,0.049607,0.991839,1
000009.mp4,opus,64,0.01605,0.99336,1
000009.mp4,opus,128,0.015666,0.993529,1
000009.mp4,mp3,64,0.059348,0.999973,0
000009.mp4,mp3,128,0.059575,0.999999,0
000009.mp4,mp3,256,0.059563,0.999999,0
000010.mp4,aac,32,0.009623,0.999254,1
000010.mp4,aac,64,0.002177,0.999961,1
000010.mp4,aac,128,0.002289,0.999943,1
000010.mp4,opus,32,0.056361,0.999511,1
000010.mp4,opus,64,0.018561,0.999893,1
000010.mp4,opus,128,0.018356,0.999994,1
000010.mp4,mp3,64,0.073748,0.999976,0
000010.mp4,mp3,128,0.07393,0.999999,0
000010.mp4,mp3,256,0.073931,0.999999,0
000011.mp4,aac,32,0.009114,0.98798,1
000011.mp4,aac,64,0.001854,0.999894,1
000011.mp4,aac,128,0.00159,0.9999,1
000011.mp4,opus,32,0.050755,0.991952,1
000011.mp4,opus,64,0.01631,0.993371,1
000011.mp4,opus,128,0.016132,0.993555,1
000011.mp4,mp3,64,0.060505,0.999976,0
000011.mp4,mp3,128,0.060526,0.999999,0
000011.mp4,mp3,256,0.060529,0.999999,0
000012.mp4,aac,32,0.012888,0.998737,1
000012.mp4,aac,64,0.002869,0.999636,1
000012.mp4,aac,128,0.002166,0.999983,1
000012.mp4,opus,32,0.054605,0.999457,1
000012.mp4,opus,64,0.020698,0.999813,1
000012.mp4,opus,128,0.020457,0.99999,1
000012.mp4,mp3,64,0.103451,0.999955,1
000012.mp4,mp3,128,0.103554,0.999977,1
000012.mp4,mp3,256,0.103552,0.999977,1
000013.mp4,aac,32,0.013367,0.998602,1
000013.mp4,aac,64,0.002936,0.999622,1
000013.mp4,aac,128,0.002549,0.999971,1
000013.mp4,opus,32,0.059855,0.99954,1
000013.mp4,opus,64,0.020871,0.999675,1
000013.mp4,opus,128,0.020262,0.99999,1
000013.mp4,mp3,64,0.101567,0.999955,1
000013.mp4,mp3,128,0.10168,0.999979,1
000013.mp4,mp3,256,0.101672,0.999979,1
000014.mp4,aac,32,0.013367,0.998602,1
000014.mp4,aac,64,0.002936,0.999622,1
000014.mp4,aac,128,0.002549,0.999971,1
000014.mp4,opus,32,0.059855,0.99954,1
000014.mp4,opus,64,0.020871,0.999675,1
000014.mp4,opus,128,0.020262,0.99999,1
000014.mp4,mp3,64,0.101567,0.999955,1
000014.mp4,mp3,128,0.10168,0.999979,1
000014.mp4,mp3,256,0.101672,0.999979,1
000015.mp4,aac,32,0.013367,0.998602,1
000015.mp4,aac,64,0.002936,0.999622,1
000015.mp4,aac,128,0.002549,0.999971,1
000015.mp4,opus,32,0.059855,0.99954,1
000015.mp4,opus,64,0.020871,0.999675,1
000015.mp4,opus,128,0.020262,0.99999,1
000015.mp4,mp3,64,0.101567,0.999955,1
000015.mp4,mp3,128,0.10168,0.999979,1
000015.mp4,mp3,256,0.101672,0.999979,1
000016.mp4,aac,32,0.011645,0.999284,1
000016.mp4,aac,64,0.003783,0.999986,1
000016.mp4,aac,128,0.002665,0.999983,1
000016.mp4,opus,32,0.043727,0.999106,0
000016.mp4,opus,64,0.017724,0.999858,1
000016.mp4,opus,128,0.017564,0.999994,1
000016.mp4,mp3,64,0.073586,0.999989,1
000016.mp4,mp3,128,0.073907,0.999999,1
000016.mp4,mp3,256,0.073907,0.999999,1
000017.mp4,aac,32,0.010799,0.999574,1
000017.mp4,aac,64,0.001824,0.999979,1
000017.mp4,aac,128,0.001894,0.999975,1
000017.mp4,opus,32,0.032719,0.999539,1
000017.mp4,opus,64,0.014405,0.999907,1
000017.mp4,opus,128,0.014053,0.999997,1
000017.mp4,mp3,64,0.059184,0.999986,1
000017.mp4,mp3,128,0.05934,1.0,1
000017.mp4,mp3,256,0.059337,1.0,1
000018.mp4,aac,32,0.017324,0.999092,1
000018.mp4,aac,64,0.001641,0.999987,1
000018.mp4,aac,128,0.001859,0.999985,1
000018.mp4,opus,32,0.041359,0.998699,1
000018.mp4,opus,64,0.017438,0.999841,1
000018.mp4,opus,128,0.017156,0.999995,1
000018.mp4,mp3,64,0.073629,0.999984,1
000018.mp4,mp3,128,0.073718,0.999999,1
000018.mp4,mp3,256,0.073719,0.999999,1
000019.mp4,aac,32,0.011912,0.999519,1
000019.mp4,aac,64,0.002041,0.999979,1
000019.mp4,aac,128,0.001771,0.999974,1
000019.mp4,opus,32,0.040108,0.999273,0
000019.mp4,opus,64,0.01638,0.999818,1
000019.mp4,opus,128,0.016113,0.999994,1
000019.mp4,mp3,64,0.068397,0.99999,1
000019.mp4,mp3,128,0.068544,1.0,1
000019.mp4,mp3,256,0.068543,1.0,1
000020.mp4,aac,32,0.007413,0.998267,1
000020.mp4,aac,64,0.00273,0.999979,1
000020.mp4,aac,128,0.002548,0.999973,1
000020.mp4,opus,32,0.054051,0.998696,0
000020.mp4,opus,64,0.014308,0.999662,1
000020.mp4,opus,128,0.014416,0.999991,1
000020.mp4,mp3,64,0.067646,0.999954,0
000020.mp4,mp3,128,0.067746,0.999994,0
000020.mp4,mp3,256,0.06776,0.999994,0
000021.mp4,aac,32,0.007792,0.998656,1
000021.mp4,aac,64,0.002406,0.999978,1
000021.mp4,aac,128,0.002085,0.999976,1
000021.mp4,opus,32,0.053276,0.999537,0
000021.mp4,opus,64,0.014181,0.999774,1
000021.mp4,opus,128,0.014272,0.999992,1
000021.mp4,mp3,64,0.066398,0.999965,0
000021.mp4,mp3,128,0.066709,0.999994,0
000021.mp4,mp3,256,0.066716,0.999994,0
000022.mp4,aac,32,0.007792,0.998656,1
000022.mp4,aac,64,0.002406,0.999978,1
000022.mp4,aac,128,0.002085,0.999976,1
000022.mp4,opus,32,0.053276,0.999537,0
000022.mp4,opus,64,0.014181,0.999774,1
000022.mp4,opus,128,0.014272,0.999992,1
000022.mp4,mp3,64,0.066398,0.999965,0
000022.mp4,mp3,128,0.066709,0.999994,0
000022.mp4,mp3,256,0.066716,0.999994,0
000023.mp4,aac,32,0.007792,0.998656,1
000023.mp4,aac,64,0.002406,0.999978,1
000023.mp4,aac,128,0.002085,0.999976,1
000023.mp4,opus,32,0.053276,0.999537,0
000023.mp4,opus,64,0.014181,0.999774,1
000023.mp4,opus,128,0.014272,0.999992,1
000023.mp4,mp3,64,0.066398,0.999965,0
000023.mp4,mp3,128,0.066709,0.999994,0
000023.mp4,mp3,256,0.066716,0.999994,0
000024.mp4,aac,32,0.0092,0.998524,1
000024.mp4,aac,64,0.00289,0.99997,1
000024.mp4,aac,128,0.002022,0.999983,1
000024.mp4,opus,32,0.058848,0.99955,1
000024.mp4,opus,64,0.022532,0.999871,1
000024.mp4,opus,128,0.020793,0.999996,1
000024.mp4,mp3,64,0.089387,0.999977,1
000024.mp4,mp3,128,0.089833,0.999999,1
000024.mp4,mp3,256,0.089835,0.999999,1
000025.mp4,aac,32,0.009132,0.998931,1
000025.mp4,aac,64,0.002815,0.999965,1
000025.mp4,aac,128,0.002311,0.99998,1
000025.mp4,opus,32,0.058688,0.999568,1
000025.mp4,opus,64,0.022113,0.999873,1
000025.mp4,opus,128,0.02056,0.999995,1
000025.mp4,mp3,64,0.087687,0.999966,1
000025.mp4,mp3,128,0.088337,0.999999,1
000025.mp4,mp3,256,0.088231,0.999999,1
000026.mp4,aac,32,0.009132,0.998931,1
000026.mp4,aac,64,0.002815,0.999965,1
000026.mp4,aac,128,0.002311,0.99998,1
000026.mp4,opus,32,0.058688,0.999568,1
000026.mp4,opus,64,0.022113,0.999873,1
000026.mp4,opus,128,0.02056,0.999995,1
000026.mp4,mp3,64,0.087687,0.999966,1
000026.mp4,mp3,128,0.088337,0.999999,1
000026.mp4,mp3,256,0.088231,0.999999,1
000027.mp4,aac,32,0.009132,0.998931,1
000027.mp4,aac,64,0.002815,0.999965,1
000027.mp4,aac,128,0.002311,0.99998,1
000027.mp4,opus,32,0.058688,0.999568,1
000027.mp4,opus,64,0.022113,0.999873,1
000027.mp4,opus,128,0.02056,0.999995,1
000027.mp4,mp3,64,0.087687,0.999966,1
000027.mp4,mp3,128,0.088337,0.999999,1
000027.mp4,mp3,256,0.088231,0.999999,1
000028.mp4,aac,32,0.00875,0.999234,1
000028.mp4,aac,64,0.002258,0.999965,1
000028.mp4,aac,128,0.002014,0.999953,1
000028.mp4,opus,32,0.062413,0.99925,0
000028.mp4,opus,64,0.01862,0.999784,1
000028.mp4,opus,128,0.018628,0.999994,1
000028.mp4,mp3,64,0.093009,0.999968,0
000028.mp4,mp3,128,0.092873,0.999998,0
000028.mp4,mp3,256,0.092866,0.999998,0
000029.mp4,aac,32,0.008393,0.998709,1
000029.mp4,aac,64,0.001778,0.999951,1
000029.mp4,aac,128,0.002315,0.999941,1
000029.mp4,opus,32,0.061117,0.998781,0
000029.mp4,opus,64,0.018364,0.999845,1
000029.mp4,opus,128,0.018221,0.999995,1
000029.mp4,mp3,64,0.090595,0.999974,0
000029.mp4,mp3,128,0.090737,0.999998,0
000029.mp4,mp3,256,0.090735,0.999998,0
000030.mp4,aac,32,0.008393,0.998709,1
000030.mp4,aac,64,0.001778,0.999951,1
000030.mp4,aac,128,0.002315,0.999941,1
000030.mp4,opus,32,0.061117,0.998781,0
000030.mp4,opus,64,0.018364,0.999845,1
000030.mp4,opus,128,0.018221,0.999995,1
000030.mp4,mp3,64,0.090595,0.999974,0
000030.mp4,mp3,128,0.090737,0.999998,0
000030.mp4,mp3,256,0.090735,0.999998,0
